"","data","dolar","indiceBovespa"
"1",2015-01-02,2.6941,48512.22
"2",2015-01-05,2.7064,47516.82
"3",2015-01-06,2.7001,48000.92
"4",2015-01-07,2.6835,49462.91
"5",2015-01-08,2.663,49943.3
"6",2015-01-09,2.6301,48840.25
"7",2015-01-12,2.6734,48139.74
"8",2015-01-13,2.643,48041.67
"9",2015-01-14,2.6159,47645.87
"10",2015-01-15,2.6422,48026.31
"11",2015-01-16,2.621,49016.52
"12",2015-01-19,2.6517,47758.01
"13",2015-01-20,2.6138,47876.66
"14",2015-01-21,2.6005,49224.08
"15",2015-01-22,2.5745,49442.62
"16",2015-01-23,2.5797,48775.3
"17",2015-01-26,2.5835,48576.55
"18",2015-01-27,2.5724,48591.23
"19",2015-01-28,2.5764,47694.54
"20",2015-01-29,2.6035,47762.24
"21",2015-01-30,2.6824,46907.68
"22",2015-02-02,2.7271,47650.73
"23",2015-02-03,2.6945,48963.66
"24",2015-02-04,2.7418,49301.05
"25",2015-02-05,2.7451,49233.85
"26",2015-02-06,2.7825,48792.27
"27",2015-02-09,2.7698,49382.58
"28",2015-02-10,2.8343,48510.28
"29",2015-02-11,2.8693,48239.67
"30",2015-02-12,2.821,49532.72
"31",2015-02-13,2.8346,50635.92
"32",2015-02-18,2.8374,51280.36
"33",2015-02-19,2.8665,51294.03
"34",2015-02-20,2.868,51237.7
"35",2015-02-23,2.8788,51280.64
"36",2015-02-24,2.833,51874.17
"37",2015-02-25,2.875,51811.02
"38",2015-02-26,2.9085,51760.54
"39",2015-02-27,2.839,51583.09
"40",2015-03-02,2.8965,51020.81
"41",2015-03-03,2.9311,51304.1
"42",2015-03-04,2.9766,50468.05
"43",2015-03-05,3.0035,50365.2
"44",2015-03-06,3.0617,49981.19
"45",2015-03-09,3.1223,49181.01
"46",2015-03-10,3.1022,48293.4
"47",2015-03-11,3.1257,48905.58
"48",2015-03-12,3.1661,48880.4
"49",2015-03-13,3.2492,48595.81
"50",2015-03-16,3.2488,48848.21
"51",2015-03-17,3.2395,50285.12
"52",2015-03-18,3.2097,51526.19
"53",2015-03-19,3.2921,50953.53
"54",2015-03-20,3.2293,51966.58
"55",2015-03-23,3.1322,51908.46
"56",2015-03-24,3.1398,51506.07
"57",2015-03-25,3.2012,51858.3
"58",2015-03-26,3.1828,50579.85
"59",2015-03-27,3.2496,50094.66
"60",2015-03-30,3.2306,51243.45
"61",2015-03-31,3.1958,51150.16
"62",2015-04-01,3.1655,52321.76
"63",2015-04-02,3.1205,53123.02
"64",2015-04-06,3.1263,53737.26
"65",2015-04-07,3.1288,53729.16
"66",2015-04-08,3.0495,53661.11
"67",2015-04-09,3.0591,53802.66
"68",2015-04-10,3.0756,54214.11
"69",2015-04-13,3.1212,54239.77
"70",2015-04-14,3.0634,53981.92
"71",2015-04-15,3.0294,54918.74
"72",2015-04-16,3.0221,54674.21
"73",2015-04-17,3.0409,53954.79
"74",2015-04-20,3.033,53761.27
"75",2015-04-22,3.0113,54617.36
"76",2015-04-23,2.9707,55684.85
"77",2015-04-24,2.9517,56594.22
"78",2015-04-27,2.9173,55534.5
"79",2015-04-28,2.9364,55812.03
"80",2015-04-29,2.9612,55325.29
"81",2015-04-30,3.0145,56229.38
"82",2015-05-04,3.0864,57353.98
"83",2015-05-05,3.0536,58051.61
"84",2015-05-06,3.0333,57103.14
"85",2015-05-07,3.026,56921.39
"86",2015-05-08,2.9733,57149.33
"87",2015-05-11,3.0614,57197.1
"88",2015-05-12,3.0206,56792.05
"89",2015-05-13,3.0403,56372.04
"90",2015-05-14,2.9935,56656.57
"91",2015-05-15,2.9972,57248.63
"92",2015-05-18,3.0076,56204.23
"93",2015-05-19,3.0394,55498.82
"94",2015-05-20,3.0027,54901.02
"95",2015-05-21,3.0379,55112.05
"96",2015-05-22,3.0949,54377.29
"97",2015-05-25,3.0968,54609.25
"98",2015-05-26,3.1536,53629.78
"99",2015-05-27,3.1409,54236.25
"100",2015-05-28,3.1624,53976.27
"101",2015-05-29,3.1798,52760.47
"102",2015-06-01,3.1718,53031.31
"103",2015-06-02,3.1306,54236.43
"104",2015-06-03,3.1345,53522.9
"105",2015-06-05,3.1439,52973.37
"106",2015-06-08,3.1132,52809.63
"107",2015-06-09,3.0966,52815.99
"108",2015-06-10,3.1187,53876.44
"109",2015-06-11,3.0896,53688.51
"110",2015-06-12,3.1185,53347.53
"111",2015-06-15,3.13,53137.53
"112",2015-06-16,3.0885,53702.15
"113",2015-06-17,3.057,53248.54
"114",2015-06-18,3.0605,54238.59
"115",2015-06-19,3.0976,53749.41
"116",2015-06-22,3.0814,53863.67
"117",2015-06-23,3.076,53772.43
"118",2015-06-24,3.0979,53842.53
"119",2015-06-25,3.1277,53175.66
"120",2015-06-26,3.1295,54016.97
"121",2015-06-29,3.1178,53014.21
"122",2015-06-30,3.103,53080.88
"123",2015-07-01,3.1498,52757.53
"124",2015-07-02,3.0967,53106.18
"125",2015-07-03,3.1347,52519.4
"126",2015-07-06,3.1391,52149.37
"127",2015-07-07,3.1867,52343.71
"128",2015-07-08,3.2346,51781.74
"129",2015-07-10,3.1593,52590.72
"130",2015-07-13,3.1348,53119.47
"131",2015-07-14,3.1399,53239.17
"132",2015-07-15,3.1391,52902.28
"133",2015-07-16,3.1587,53069.75
"134",2015-07-17,3.1881,52341.8
"135",2015-07-20,3.1981,51600.07
"136",2015-07-21,3.1717,51474.28
"137",2015-07-22,3.2239,50915.78
"138",2015-07-23,3.286,49806.62
"139",2015-07-24,3.3556,49245.84
"140",2015-07-27,3.364,48735.54
"141",2015-07-28,3.3577,49601.6
"142",2015-07-29,3.3308,50245.15
"143",2015-07-30,3.3715,49897.4
"144",2015-07-31,3.4212,50864.77
"145",2015-08-03,3.4514,50138.05
"146",2015-08-04,3.4712,50058.49
"147",2015-08-05,3.4867,50287.27
"148",2015-08-06,3.5361,50011.32
"149",2015-08-07,3.5071,48577.32
"150",2015-08-10,3.4345,49353
"151",2015-08-11,3.475,49072.34
"152",2015-08-12,3.481,48388.05
"153",2015-08-13,3.5194,48009.57
"154",2015-08-14,3.4845,47508.41
"155",2015-08-17,3.4812,47217.43
"156",2015-08-18,3.4681,47450.58
"157",2015-08-19,3.4932,46588.39
"158",2015-08-20,3.457,46649.23
"159",2015-08-21,3.5007,45719.64
"160",2015-08-24,3.5534,44336.47
"161",2015-08-25,3.6175,44544.85
"162",2015-08-26,3.5963,46038.08
"163",2015-08-27,3.551,47715.27
"164",2015-08-28,3.5823,47153.87
"165",2015-08-31,3.6193,46625.52
"166",2015-09-01,3.702,45477.06
"167",2015-09-02,3.7591,46463.96
"168",2015-09-03,3.738,47365.87
"169",2015-09-04,3.8442,46497.72
"170",2015-09-08,3.82,46762.07
"171",2015-09-09,3.7783,46657.1
"172",2015-09-10,3.8498,46503.99
"173",2015-09-11,3.8705,46400.51
"174",2015-09-14,3.815,47281.52
"175",2015-09-15,3.8634,47364.07
"176",2015-09-16,3.8289,48553.1
"177",2015-09-17,3.899,48551.08
"178",2015-09-18,3.9459,47264.08
"179",2015-09-21,3.9857,46590.2
"180",2015-09-22,4.0497,46264.61
"181",2015-09-23,4.178,45340.11
"182",2015-09-24,3.9368,45291.97
"183",2015-09-25,3.9777,44831.46
"184",2015-09-28,4.1083,43956.63
"185",2015-09-29,4.0634,44131.82
"186",2015-09-30,3.9491,45059.34
"187",2015-10-01,4.01,45313.27
"188",2015-10-02,3.9331,47033.46
"189",2015-10-05,3.912,47598.07
"190",2015-10-06,3.8539,47735.11
"191",2015-10-07,3.8838,48914.32
"192",2015-10-08,3.7839,49106.56
"193",2015-10-09,3.766,49338.41
"194",2015-10-12,3.7639,49338.41
"195",2015-10-13,3.8937,47362.64
"196",2015-10-14,3.8119,46710.44
"197",2015-10-15,3.8032,47161.15
"198",2015-10-16,3.9245,47236.1
"199",2015-10-19,3.8857,47447.31
"200",2015-10-20,3.9073,47076.55
"201",2015-10-21,3.9414,47025.87
"202",2015-10-22,3.9088,47772.14
"203",2015-10-23,3.8807,47596.59
"204",2015-10-26,3.906,47209.32
"205",2015-10-27,3.8883,47042.95
"206",2015-10-28,3.9094,46740.85
"207",2015-10-29,3.8509,45628.35
"208",2015-10-30,3.8564,45868.82
"209",2015-11-03,3.7712,48053.67
"210",2015-11-04,3.8003,47710.1
"211",2015-11-05,3.7813,48046.76
"212",2015-11-06,3.7713,46918.52
"213",2015-11-09,3.799,46194.92
"214",2015-11-10,3.751,46206.57
"215",2015-11-11,3.7639,47065.01
"216",2015-11-12,3.771,46883.58
"217",2015-11-13,3.8456,46517.04
"218",2015-11-16,3.8194,46846.87
"219",2015-11-17,3.8105,47247.8
"220",2015-11-18,3.7668,47435.58
"221",2015-11-19,3.7181,48138.89
"222",2015-11-23,3.733,48150.27
"223",2015-11-24,3.7,48284.19
"224",2015-11-25,3.7425,46866.63
"225",2015-11-26,3.7431,47145.63
"226",2015-11-27,3.8464,45872.92
"227",2015-11-30,3.869,45120.36
"228",2015-12-01,3.8575,45046.75
"229",2015-12-02,3.8352,44914.53
"230",2015-12-03,3.7596,46393.26
"231",2015-12-04,3.7521,45360.76
"232",2015-12-07,3.7681,45222.7
"233",2015-12-08,3.7962,44443.26
"234",2015-12-09,3.7502,46108.03
"235",2015-12-10,3.8126,45630.71
"236",2015-12-11,3.873,45262.72
"237",2015-12-14,3.8779,44747.31
"238",2015-12-15,3.873,44872.47
"239",2015-12-16,3.8848,45015.85
"240",2015-12-17,3.8796,45261.48
"241",2015-12-18,3.9824,43910.6
"242",2015-12-21,4.0134,43199.95
"243",2015-12-22,3.9899,43469.52
"244",2015-12-23,3.9419,44014.93
"245",2015-12-28,3.8586,43764.34
"246",2015-12-29,3.8655,43653.97
"247",2015-12-30,3.9608,43349.96
"248",2015-12-31,3.9608,43349.96
"249",2016-01-04,4.0402,42141.04
"250",2016-01-05,4.0077,42419.32
"251",2016-01-06,4.0244,41773.14
"252",2016-01-07,4.0448,40694.72
"253",2016-01-08,4.0245,40612.21
"254",2016-01-11,4.0537,39950.49
"255",2016-01-12,4.029,39513.83
"256",2016-01-13,4.0158,38944.44
"257",2016-01-14,3.9996,39500.11
"258",2016-01-15,4.0479,38569.13
"259",2016-01-18,4.0557,37937.27
"260",2016-01-19,4.0626,38057.01
"261",2016-01-20,4.0971,37645.48
"262",2016-01-21,4.1575,37717.11
"263",2016-01-22,4.0945,38031.22
"264",2016-01-26,4.0536,37497.48
"265",2016-01-27,4.1077,38376.37
"266",2016-01-28,4.0699,38630.19
"267",2016-01-29,3.9988,40405.99
"268",2016-02-01,3.9629,40570.04
"269",2016-02-02,3.9895,38596.17
"270",2016-02-03,3.8954,39588.82
"271",2016-02-04,3.8897,40821.74
"272",2016-02-05,3.9035,40592.09
"273",2016-02-10,3.9285,40376.58
"274",2016-02-11,3.9946,39318.3
"275",2016-02-12,4.0027,39808.05
"276",2016-02-15,4.006,40092.89
"277",2016-02-16,4.0723,40947.7
"278",2016-02-17,3.9851,41630.82
"279",2016-02-18,4.0284,41477.63
"280",2016-02-19,4.0214,41543.4
"281",2016-02-22,3.9473,43234.85
"282",2016-02-23,3.9569,42520.94
"283",2016-02-24,3.9591,42084.56
"284",2016-02-25,3.956,41887.9
"285",2016-02-26,3.9933,41593.08
"286",2016-02-29,4.0171,42793.86
"287",2016-03-01,3.9275,44121.79
"288",2016-03-02,3.8932,44893.48
"289",2016-03-03,3.7991,47193.39
"290",2016-03-04,3.7593,49084.87
"291",2016-03-07,3.783,49246.1
"292",2016-03-08,3.7556,49102.14
"293",2016-03-09,3.6849,48665.09
"294",2016-03-10,3.6215,49571.11
"295",2016-03-11,3.582,49638.68
"296",2016-03-14,3.6618,48867.33
"297",2016-03-15,3.7656,47130.02
"298",2016-03-16,3.7422,47763.43
"299",2016-03-17,3.6267,50913.79
"300",2016-03-18,3.624,50814.66
"301",2016-03-21,3.6178,51171.55
"302",2016-03-22,3.5812,51010.19
"303",2016-03-23,3.6854,49690.05
"304",2016-03-24,3.6771,49657.39
"305",2016-03-28,3.6278,50838.23
"306",2016-03-29,3.6386,51154.99
"307",2016-03-30,3.6002,51248.92
"308",2016-03-31,3.5935,50055.27
"309",2016-04-01,3.5538,50561.53
"310",2016-04-04,3.624,48779.99
"311",2016-04-05,3.6805,49053.62
"312",2016-04-06,3.6413,48096.24
"313",2016-04-07,3.6905,48513.1
"314",2016-04-08,3.5901,50292.93
"315",2016-04-11,3.4924,50165.47
"316",2016-04-12,3.4928,52001.86
"317",2016-04-13,3.4983,53149.84
"318",2016-04-14,3.4838,52411.02
"319",2016-04-15,3.5332,53227.74
"320",2016-04-18,3.6155,52894.08
"321",2016-04-19,3.5341,53710.05
"322",2016-04-20,3.5299,53630.93
"323",2016-04-22,3.5646,52907.88
"324",2016-04-25,3.5558,51861.71
"325",2016-04-26,3.5297,53082.5
"326",2016-04-27,3.5267,54477.78
"327",2016-04-28,3.4878,54311.97
"328",2016-04-29,3.4358,53910.51
"329",2016-05-02,3.5011,53561.53
"330",2016-05-03,3.5599,52260.19
"331",2016-05-04,3.5473,52552.8
"332",2016-05-05,3.5349,51671.04
"333",2016-05-06,3.5023,51717.83
"334",2016-05-09,3.5164,50990.06
"335",2016-05-10,3.4758,53070.91
"336",2016-05-11,3.4528,52764.46
"337",2016-05-12,3.4855,53241.31
"338",2016-05-13,3.534,51804.31
"339",2016-05-16,3.5001,51802.92
"340",2016-05-17,3.4888,50839.44
"341",2016-05-18,3.5683,50561.7
"342",2016-05-19,3.5644,50132.53
"343",2016-05-20,3.5202,49722.75
"344",2016-05-23,3.5728,49330.42
"345",2016-05-24,3.5713,49345.19
"346",2016-05-25,3.5836,49482.86
"347",2016-05-27,3.6116,49051.49
"348",2016-05-30,3.5713,48964.34
"349",2016-05-31,3.6111,48471.71
"350",2016-06-01,3.6007,49012.65
"351",2016-06-02,3.5926,49887.24
"352",2016-06-03,3.524,50619.5
"353",2016-06-06,3.4896,50431.8
"354",2016-06-07,3.4421,50487.86
"355",2016-06-08,3.363,51629.29
"356",2016-06-09,3.401,51118.46
"357",2016-06-10,3.4188,49422.16
"358",2016-06-13,3.4827,49660.79
"359",2016-06-14,3.4812,48648.29
"360",2016-06-15,3.4741,48914.74
"361",2016-06-16,3.4661,49411.62
"362",2016-06-17,3.4163,49533.84
"363",2016-06-20,3.3945,50329.36
"364",2016-06-21,3.4158,50837.8
"365",2016-06-22,3.377,50156.3
"366",2016-06-23,3.339,51559.82
"367",2016-06-24,3.3739,50105.26
"368",2016-06-27,3.3926,49245.53
"369",2016-06-28,3.3029,50006.56
"370",2016-06-29,3.222,51001.91
"371",2016-06-30,3.2134,51526.93
"372",2016-07-01,3.2361,52233.04
"373",2016-07-04,3.2695,52568.66
"374",2016-07-05,3.3024,51842.27
"375",2016-07-06,3.33,51901.81
"376",2016-07-07,3.3678,52014.66
"377",2016-07-08,3.3006,53140.74
"378",2016-07-11,3.3094,53960.11
"379",2016-07-12,3.296,54256.41
"380",2016-07-13,3.2637,54598.28
"381",2016-07-14,3.2511,55480.87
"382",2016-07-15,3.282,55578.24
"383",2016-07-18,3.2532,56484.22
"384",2016-07-19,3.249,56698.06
"385",2016-07-20,3.2591,56578.05
"386",2016-07-21,3.2722,56641.49
"387",2016-07-22,3.2565,57002.08
"388",2016-07-25,3.286,56872.73
"389",2016-07-26,3.2768,56782.75
"390",2016-07-27,3.2637,56852.84
"391",2016-07-28,3.2892,56667.12
"392",2016-07-29,3.2486,57308.21
"393",2016-08-01,3.2649,56755.76
"394",2016-08-02,3.2571,56162.38
"395",2016-08-03,3.2377,57076.91
"396",2016-08-04,3.1938,57593.9
"397",2016-08-05,3.166,57661.14
"398",2016-08-08,3.1749,57635.43
"399",2016-08-09,3.1456,57689.42
"400",2016-08-10,3.1271,56919.78
"401",2016-08-11,3.145,58299.57
"402",2016-08-12,3.1925,58298.41
"403",2016-08-15,3.1862,59145.98
"404",2016-08-16,3.2027,58855.43
"405",2016-08-17,3.2037,59323.83
"406",2016-08-18,3.2393,59166.02
"407",2016-08-19,3.2038,59098.92
"408",2016-08-22,3.2014,57781.24
"409",2016-08-23,3.2338,58020.03
"410",2016-08-24,3.2257,57717.88
"411",2016-08-25,3.2367,57722.14
"412",2016-08-26,3.2655,57716.25
"413",2016-08-29,3.2298,58610.39
"414",2016-08-30,3.2419,58575.42
"415",2016-08-31,3.2273,57901.11
"416",2016-09-01,3.2582,58236.27
"417",2016-09-02,3.2568,59616.4
"418",2016-09-05,3.2833,59566.34
"419",2016-09-06,3.1953,60129.44
"420",2016-09-08,3.2143,60231.65
"421",2016-09-09,3.2735,57999.73
"422",2016-09-12,3.2458,58586.11
"423",2016-09-13,3.3138,56820.77
"424",2016-09-14,3.3426,57059.46
"425",2016-09-15,3.3024,57909.49
"426",2016-09-16,3.2622,57079.76
"427",2016-09-19,3.2731,57350.38
"428",2016-09-20,3.2589,57736.46
"429",2016-09-21,3.2071,58393.92
"430",2016-09-22,3.2208,58994.17
"431",2016-09-23,3.245,58697
"432",2016-09-26,3.2401,58053.53
"433",2016-09-27,3.2346,58382.49
"434",2016-09-28,3.2167,59355.77
"435",2016-09-29,3.2595,58350.57
"436",2016-09-30,3.2603,58367.05
"437",2016-10-03,3.2105,59461.23
"438",2016-10-04,3.2578,59339.23
"439",2016-10-05,3.2202,60254.34
"440",2016-10-06,3.2298,60644.24
"441",2016-10-07,3.2204,61108.98
"442",2016-10-10,3.2065,61668.33
"443",2016-10-11,3.1953,61021.85
"444",2016-10-13,3.178,61118.58
"445",2016-10-14,3.2051,61767.22
"446",2016-10-17,3.2022,62696.11
"447",2016-10-18,3.1888,63782.21
"448",2016-10-19,3.1697,63505.61
"449",2016-10-20,3.1433,63837.85
"450",2016-10-21,3.1511,64108.08
"451",2016-10-24,3.1246,64059.89
"452",2016-10-25,3.1151,63866.2
"453",2016-10-26,3.1409,63825.69
"454",2016-10-27,3.1701,64249.5
"455",2016-10-28,3.2065,64307.63
"456",2016-10-31,3.1893,64924.52
"457",2016-11-01,3.2367,63326.42
"458",2016-11-03,3.2425,61750.17
"459",2016-11-04,3.2337,61598.39
"460",2016-11-07,3.202,64051.65
"461",2016-11-08,3.1695,64157.68
"462",2016-11-09,3.2172,63258.27
"463",2016-11-10,3.3864,61200.96
"464",2016-11-11,3.3915,59183.51
"465",2016-11-14,3.4331,59657.46
"466",2016-11-16,3.42,60759.32
"467",2016-11-17,3.4193,59770.47
"468",2016-11-18,3.3835,59961.76
"469",2016-11-21,3.3525,61070.27
"470",2016-11-22,3.355,61954.47
"471",2016-11-23,3.3945,61985.91
"472",2016-11-24,3.3915,61395.53
"473",2016-11-25,3.4223,61559.08
"474",2016-11-28,3.3859,62855.5
"475",2016-11-29,3.399,60986.52
"476",2016-11-30,3.3842,61906.36
"477",2016-12-01,3.4718,59506.54
"478",2016-12-02,3.4755,60316.13
"479",2016-12-05,3.4215,59831.73
"480",2016-12-06,3.408,61088.25
"481",2016-12-07,3.383,61414.4
"482",2016-12-08,3.3755,60676.57
"483",2016-12-09,3.3785,60500.62
"484",2016-12-12,3.3388,59178.61
"485",2016-12-13,3.3355,59280.57
"486",2016-12-14,3.3705,58212.12
"487",2016-12-15,3.3695,58396.16
"488",2016-12-16,3.392,58389.04
"489",2016-12-19,3.365,57110.99
"490",2016-12-20,3.3546,57582.89
"491",2016-12-21,3.327,57646.52
"492",2016-12-22,3.2875,57255.22
"493",2016-12-23,3.271,57937.11
"494",2016-12-26,3.277,58620.26
"495",2016-12-27,3.2712,58696.69
"496",2016-12-28,3.2845,59781.63
"497",2016-12-29,3.2547,60227.29
"498",2017-01-02,3.2857,59588.7
"499",2017-01-03,3.2652,61813.83
"500",2017-01-04,3.2163,61589.06
"501",2017-01-05,3.1991,62070.98
"502",2017-01-06,3.2241,61665.37
"503",2017-01-09,3.1969,61700.29
"504",2017-01-10,3.1961,62131.8
"505",2017-01-11,3.1975,62446.26
"506",2017-01-12,3.1881,63953.93
"507",2017-01-13,3.2213,63651.52
"508",2017-01-16,3.2418,63831.28
"509",2017-01-17,3.2115,64354.34
"510",2017-01-18,3.2309,64149.58
"511",2017-01-19,3.1965,63950.86
"512",2017-01-20,3.169,64521.18
"513",2017-01-23,3.1633,65748.63
"514",2017-01-24,3.1702,65840.09
"515",2017-01-26,3.178,66190.62
"516",2017-01-27,3.141,66033.99
"517",2017-01-30,3.127,64301.73
"518",2017-01-31,3.1509,64670.78
"519",2017-02-01,3.1295,64836.13
"520",2017-02-02,3.124,64578.22
"521",2017-02-03,3.1176,64953.93
"522",2017-02-06,3.116,63992.93
"523",2017-02-07,3.1205,64198.9
"524",2017-02-08,3.1175,64835.4
"525",2017-02-09,3.1301,64964.89
"526",2017-02-10,3.1157,66124.53
"527",2017-02-13,3.1115,66967.64
"528",2017-02-14,3.085,66712.88
"529",2017-02-15,3.0575,67975.58
"530",2017-02-16,3.0892,67814.24
"531",2017-02-17,3.1048,67748.42
"532",2017-02-20,3.087,68532.86
"533",2017-02-21,3.0951,69052.03
"534",2017-02-22,3.064,68589.54
"535",2017-02-23,3.0595,67461.39
"536",2017-02-24,3.111,66662.1
"537",2017-03-01,3.09,66988.88
"538",2017-03-02,3.1565,65854.93
"539",2017-03-03,3.1158,66785.53
"540",2017-03-06,3.1386,66341.37
"541",2017-03-07,3.1195,65742.32
"542",2017-03-08,3.1631,64718.02
"543",2017-03-09,3.1932,64585.24
"544",2017-03-10,3.1395,64675.46
"545",2017-03-13,3.153,65534.3
"546",2017-03-14,3.1685,64699.46
"547",2017-03-15,3.1037,66234.87
"548",2017-03-16,3.1185,65782.85
"549",2017-03-17,3.0918,64209.94
"550",2017-03-20,3.0726,64884.27
"551",2017-03-21,3.0884,62980.37
"552",2017-03-22,3.088,63521.33
"553",2017-03-23,3.1395,63530.79
"554",2017-03-24,3.1086,63853.77
"555",2017-03-27,3.1265,64308.39
"556",2017-03-28,3.1412,64640.45
"557",2017-03-29,3.1199,65528.29
"558",2017-03-30,3.1496,65265.98
"559",2017-03-31,3.1233,64984.07
"560",2017-04-03,3.1147,65211.48
"561",2017-04-04,3.0939,65768.91
"562",2017-04-05,3.1203,64774.76
"563",2017-04-06,3.1427,64222.72
"564",2017-04-07,3.1462,64593.1
"565",2017-04-10,3.132,64649.81
"566",2017-04-11,3.1372,64359.79
"567",2017-04-12,3.1258,63891.68
"568",2017-04-13,3.1444,62826.28
"569",2017-04-17,3.0985,64334.93
"570",2017-04-18,3.108,64158.84
"571",2017-04-19,3.1522,63406.97
"572",2017-04-20,3.1486,63760.62
"573",2017-04-24,3.128,64389.01
"574",2017-04-25,3.1471,65148.35
"575",2017-04-26,3.1723,64861.92
"576",2017-04-27,3.1835,64676.55
"577",2017-04-28,3.1766,65403.25
"578",2017-05-02,3.1517,66721.75
"579",2017-05-03,3.1652,66093.78
"580",2017-05-04,3.1885,64862.61
"581",2017-05-05,3.1774,65709.74
"582",2017-05-08,3.198,65526.04
"583",2017-05-09,3.1902,66277.67
"584",2017-05-10,3.1678,67349.73
"585",2017-05-11,3.1403,67537.61
"586",2017-05-12,3.1218,68221.94
"587",2017-05-15,3.1113,68474.19
"588",2017-05-16,3.0964,68684.5
"589",2017-05-17,3.138,67540.25
"590",2017-05-18,3.371,61597.06
"591",2017-05-19,3.2529,62639.31
"592",2017-05-22,3.2656,61673.49
"593",2017-05-23,3.2705,62662.48
"594",2017-05-24,3.2784,63257.36
"595",2017-05-25,3.2736,63226.79
"596",2017-05-26,3.2601,64085.41
"597",2017-05-29,3.2567,63760.94
"598",2017-05-30,3.2577,63962.26
"599",2017-05-31,3.2266,62711.47
"600",2017-06-01,3.2506,62288.52
"601",2017-06-02,3.2483,62510.69
"602",2017-06-05,3.2969,62450.45
"603",2017-06-06,3.2778,62954.69
"604",2017-06-07,3.2695,63170.73
"605",2017-06-08,3.2617,62755.57
"606",2017-06-09,3.2971,62210.56
"607",2017-06-12,3.3181,61700.23
"608",2017-06-13,3.3154,61828.99
"609",2017-06-14,3.2742,61922.93
"610",2017-06-16,3.2933,61626.41
"611",2017-06-19,3.2828,62014.03
"612",2017-06-20,3.327,60766.16
"613",2017-06-21,3.3363,60761.74
"614",2017-06-22,3.3425,61272.22
"615",2017-06-23,3.343,61087.14
"616",2017-06-26,3.2963,62188.09
"617",2017-06-27,3.3135,61675.46
"618",2017-06-28,3.2805,62017.97
"619",2017-06-29,3.3043,62238.95
"620",2017-06-30,3.3072,62899.97
"621",2017-07-03,3.3015,63279.58
"622",2017-07-04,3.3093,63231.59
"623",2017-07-05,3.2889,63154.17
"624",2017-07-06,3.2962,62470.33
"625",2017-07-07,3.2813,62322.4
"626",2017-07-10,3.2557,63025.47
"627",2017-07-11,3.2548,63832.15
"628",2017-07-12,3.2079,64835.55
"629",2017-07-13,3.2138,65178.35
"630",2017-07-14,3.1799,65436.18
"631",2017-07-17,3.1833,65212.31
"632",2017-07-18,3.1545,65337.67
"633",2017-07-19,3.149,65179.92
"634",2017-07-20,3.1208,64938.02
"635",2017-07-21,3.1418,64684.18
"636",2017-07-24,3.147,65099.55
"637",2017-07-25,3.1726,65667.62
"638",2017-07-26,3.1387,65010.57
"639",2017-07-27,3.153,65277.38
"640",2017-07-28,3.1319,65497.13
"641",2017-07-31,3.1264,65920.36
"642",2017-08-01,3.1265,66516.24
"643",2017-08-02,3.1137,67135.99
"644",2017-08-03,3.1126,66777.13
"645",2017-08-04,3.1313,66897.99
"646",2017-08-07,3.1265,67939.66
"647",2017-08-08,3.1269,67898.94
"648",2017-08-09,3.1559,67671.07
"649",2017-08-10,3.1757,66992.09
"650",2017-08-11,3.1938,67358.59
"651",2017-08-14,3.189,68284.66
"652",2017-08-15,3.1695,68355.12
"653",2017-08-16,3.1524,68594.29
"654",2017-08-17,3.1751,67976.8
"655",2017-08-18,3.1465,68714.66
"656",2017-08-21,3.1645,68634.65
"657",2017-08-22,3.1611,70011.25
"658",2017-08-23,3.1414,70477.63
"659",2017-08-24,3.1481,71132.8
"660",2017-08-25,3.1603,71073.65
"661",2017-08-28,3.167,71016.59
"662",2017-08-29,3.1652,71329.85
"663",2017-08-30,3.1603,70886.26
"664",2017-08-31,3.1479,70835.05
"665",2017-09-01,3.1416,71923.11
"666",2017-09-04,3.1417,72128.83
"667",2017-09-05,3.1174,72150.88
"668",2017-09-06,3.1004,73412.41
"669",2017-09-08,3.0867,73078.85
"670",2017-09-11,3.1029,74319.22
"671",2017-09-12,3.1252,74538.55
"672",2017-09-13,3.1353,74787.57
"673",2017-09-14,3.119,74656.68
"674",2017-09-15,3.1085,75756.52
"675",2017-09-18,3.1368,75990.41
"676",2017-09-19,3.1351,75974.18
"677",2017-09-20,3.1325,76004.15
"678",2017-09-21,3.1377,75604.34
"679",2017-09-22,3.125,75389.75
"680",2017-09-25,3.1599,74443.47
"681",2017-09-26,3.1666,74318.72
"682",2017-09-27,3.1932,73796.71
"683",2017-09-28,3.1825,73567.25
"684",2017-09-29,3.1619,74293.51
"685",2017-10-02,3.1545,74359.83
"686",2017-10-03,3.1427,76762.91
"687",2017-10-04,3.1351,76591.44
"688",2017-10-05,3.1545,76617.53
"689",2017-10-06,3.1561,76054.72
"690",2017-10-09,3.1888,75726.81
"691",2017-10-10,3.1795,76897.21
"692",2017-10-11,3.1724,76659.8
"693",2017-10-13,3.1452,76989.79
"694",2017-10-16,3.1712,76891.84
"695",2017-10-17,3.158,76201.25
"696",2017-10-18,3.1711,76591.09
"697",2017-10-19,3.1671,76283.16
"698",2017-10-20,3.1926,76390.51
"699",2017-10-23,3.2378,75413.13
"700",2017-10-24,3.2435,76350.19
"701",2017-10-25,3.2332,76671.13
"702",2017-10-26,3.2906,75896.35
"703",2017-10-27,3.2363,75975.71
"704",2017-10-30,3.2891,74800.33
"705",2017-10-31,3.2727,74308.49
"706",2017-11-01,3.2677,73823.74
"707",2017-11-03,3.3144,73915.43
"708",2017-11-06,3.2495,74310.79
"709",2017-11-07,3.2714,72414.88
"710",2017-11-08,3.2548,74363.13
"711",2017-11-09,3.2521,72930.69
"712",2017-11-10,3.2779,72165.64
"713",2017-11-13,3.2794,72475.17
"714",2017-11-14,3.3131,70826.59
"715",2017-11-16,3.274,72511.79
"716",2017-11-17,3.2574,73437.28
"717",2017-11-21,3.2588,74594.61
"718",2017-11-22,3.2243,74518.79
"719",2017-11-23,3.2219,74486.58
"720",2017-11-24,3.233,74157.37
"721",2017-11-27,3.2278,74058.92
"722",2017-11-28,3.2131,74139.72
"723",2017-11-29,3.2461,72700.45
"724",2017-11-30,3.2727,71970.99
"725",2017-12-01,3.2581,72264.45
"726",2017-12-04,3.2442,73090.17
"727",2017-12-05,3.2418,72546.17
"728",2017-12-06,3.2357,73268.35
"729",2017-12-07,3.2907,72487.46
"730",2017-12-08,3.2919,72731.84
"731",2017-12-11,3.3048,72800.04
"732",2017-12-12,3.3065,73813.53
"733",2017-12-13,3.31,72914.33
"734",2017-12-14,3.3419,72428.93
"735",2017-12-15,3.2947,72607.7
"736",2017-12-18,3.2923,73115.45
"737",2017-12-19,3.29,72680.37
"738",2017-12-20,3.2979,73367.03
"739",2017-12-21,3.3084,75133.43
"740",2017-12-22,3.337,75186.53
"741",2017-12-26,3.3111,75707.73
"742",2017-12-27,3.315,76072.54
"743",2017-12-28,3.3125,76402.08
"744",2018-01-02,3.2591,77891.04
"745",2018-01-03,3.237,77995.16
"746",2018-01-04,3.2346,78647.42
"747",2018-01-05,3.2292,79071.47
"748",2018-01-08,3.2407,79378.54
"749",2018-01-09,3.2483,78863.54
"750",2018-01-10,3.2283,78200.57
"751",2018-01-11,3.2155,79365.44
"752",2018-01-12,3.2064,79349.12
"753",2018-01-15,3.2163,79752.37
"754",2018-01-16,3.2243,79831.76
"755",2018-01-17,3.2238,81189.16
"756",2018-01-18,3.2065,80962.65
"757",2018-01-19,3.1962,81219.5
"758",2018-01-22,3.2021,81675.42
"759",2018-01-23,3.237,80678.35
"760",2018-01-24,3.1465,83680
"761",2018-01-26,3.151,85530.84
"762",2018-01-29,3.155,84698.01
"763",2018-01-30,3.1812,84482.46
"764",2018-01-31,3.1859,84912.7
"765",2018-02-01,3.1669,85495.24
"766",2018-02-02,3.2181,84041.34
"767",2018-02-05,3.2625,81861.09
"768",2018-02-06,3.2348,83894.04
"769",2018-02-07,3.2714,82766.73
"770",2018-02-08,3.2858,81532.53
"771",2018-02-09,3.2942,80898.7
"772",2018-02-14,3.2174,83542.84
"773",2018-02-15,3.2279,84290.57
"774",2018-02-16,3.2312,84524.58
"775",2018-02-19,3.2346,84792.71
"776",2018-02-20,3.2557,85803.96
"777",2018-02-21,3.2692,86051.82
"778",2018-02-22,3.2502,86686.45
"779",2018-02-23,3.2379,87293.24
"780",2018-02-26,3.2258,87652.64
"781",2018-02-27,3.2516,86935.44
"782",2018-02-28,3.2462,85353.6
"783",2018-03-01,3.2515,85377.79
"784",2018-03-02,3.2528,85761.34
"785",2018-03-05,3.243,86022.83
"786",2018-03-06,3.2117,85653.02
"787",2018-03-07,3.2454,85483.55
"788",2018-03-08,3.2669,84984.61
"789",2018-03-09,3.2553,86371.41
"790",2018-03-12,3.2622,86900.43
"791",2018-03-13,3.2607,86383.85
"792",2018-03-14,3.2607,86050.96
"793",2018-03-15,3.2862,84928.2
"794",2018-03-16,3.2811,84886.49
"795",2018-03-19,3.2862,83913.06
"796",2018-03-20,3.3117,84163.8
"797",2018-03-21,3.2725,84976.59
"798",2018-03-22,3.3159,84767.88
"799",2018-03-23,3.3123,84377.19
"800",2018-03-26,3.3119,85087.86
"801",2018-03-27,3.3288,83808.06
"802",2018-03-28,3.3205,83874.14
"803",2018-03-29,3.306,85365.56
"804",2018-04-02,3.3112,84666.44
"805",2018-04-03,3.3413,84623.46
"806",2018-04-04,3.3297,84359.69
"807",2018-04-05,3.3449,85209.66
"808",2018-04-06,3.3697,84820.42
"809",2018-04-09,3.42,83307.23
"810",2018-04-10,3.4088,84510.36
"811",2018-04-11,3.3746,85245.59
"812",2018-04-12,3.4133,85443.53
"813",2018-04-13,3.4223,84334.41
"814",2018-04-16,3.4194,82861.58
"815",2018-04-17,3.408,84086.13
"816",2018-04-18,3.3805,85776.46
"817",2018-04-19,3.3885,85824.26
"818",2018-04-20,3.413,85550.09
"819",2018-04-23,3.4527,85602.5
"820",2018-04-24,3.4714,85469.08
"821",2018-04-25,3.485,85044.39
"822",2018-04-26,3.4755,86383.2
"823",2018-04-27,3.4568,86444.66
"824",2018-04-30,3.5072,86115.5
"825",2018-05-02,3.5518,84547.09
"826",2018-05-03,3.5282,83288.14
"827",2018-05-04,3.5303,83118.03
"828",2018-05-07,3.5534,82714.43
"829",2018-05-08,3.5636,82956.05
"830",2018-05-09,3.5924,84265.49
"831",2018-05-10,3.5502,85861.2
"832",2018-05-11,3.5999,85220.24
"833",2018-05-14,3.6231,85232.18
"834",2018-05-15,3.654,85130.42
"835",2018-05-16,3.6761,86536.97
"836",2018-05-17,3.6966,83621.95
"837",2018-05-18,3.737,83081.88
"838",2018-05-21,3.6772,81815.32
"839",2018-05-22,3.6448,82738.88
"840",2018-05-23,3.6288,80867.29
"841",2018-05-24,3.6496,80122.31
"842",2018-05-25,3.6524,78897.66
"843",2018-05-28,3.7352,75355.84
"844",2018-05-29,3.7254,76071.97
"845",2018-05-30,3.7241,76753.61
"846",2018-06-01,3.7633,77239.75
"847",2018-06-04,3.7468,78596.06
"848",2018-06-05,3.8068,76641.72
"849",2018-06-06,3.8488,76117.22
"850",2018-06-07,3.9078,73851.46
"851",2018-06-08,3.7094,72942.07
"852",2018-06-11,3.7097,72307.77
"853",2018-06-12,3.7185,72754.13
"854",2018-06-13,3.7201,72122.14
"855",2018-06-14,3.806,71421.19
"856",2018-06-15,3.7296,70757.73
"857",2018-06-18,3.747,69814.74
"858",2018-06-19,3.7471,71394.34
"859",2018-06-20,3.7715,72123.41
"860",2018-06-21,3.7691,70074.9
"861",2018-06-22,3.786,70640.65
"862",2018-06-25,3.7767,70952.97
"863",2018-06-26,3.8016,71404.59
"864",2018-06-27,3.8628,70609
"865",2018-06-28,3.8624,71766.52
"866",2018-06-29,3.8771,72762.51
"867",2018-07-02,3.9129,72839.74
"868",2018-07-03,3.8975,73667.75
"869",2018-07-04,3.9137,74743.11
"870",2018-07-05,3.9327,74553.06
"871",2018-07-06,3.8628,75010.39
"872",2018-07-10,3.8152,74862.38
"873",2018-07-11,3.8773,74398.55
"874",2018-07-12,3.8822,75856.22
"875",2018-07-13,3.8518,76594.35
"876",2018-07-16,3.8605,76652.58
"877",2018-07-17,3.8388,78130.3
"878",2018-07-18,3.8512,77362.63
"879",2018-07-19,3.8295,77486.84
"880",2018-07-20,3.7681,78571.29
"881",2018-07-23,3.7826,77996.12
"882",2018-07-24,3.7481,79154.98
"883",2018-07-25,3.6886,80218.04
"884",2018-07-26,3.7462,79405.34
"885",2018-07-27,3.7114,79866.1
"886",2018-07-30,3.7307,80275.59
"887",2018-07-31,3.7563,79220.43
"888",2018-08-01,3.7499,79301.65
"889",2018-08-02,3.7503,79636.69
"890",2018-08-03,3.708,81434.98
"891",2018-08-06,3.7363,81050.76
"892",2018-08-07,3.7515,80346.52
"893",2018-08-08,3.7721,79151.7
"894",2018-08-09,3.8015,78767.99
"895",2018-08-10,3.8596,76514.35
"896",2018-08-13,3.884,77496.45
"897",2018-08-14,3.8673,78602.11
"898",2018-08-15,3.9055,77077.5
"899",2018-08-16,3.9072,76818.72
"900",2018-08-17,3.9116,76028.5
"901",2018-08-20,3.97,76327.89
"902",2018-08-21,4.0477,75180.4
"903",2018-08-22,4.0425,76902.3
"904",2018-08-23,4.1155,75633.77
"905",2018-08-24,4.102,76262.23
"906",2018-08-27,4.0775,77929.68
"907",2018-08-28,4.1342,77473.18
"908",2018-08-29,4.1074,78388.83
"909",2018-08-30,4.1495,76404.09
"910",2018-08-31,4.0556,76677.53
"911",2018-09-03,4.159,76192.73
"912",2018-09-04,4.1602,74711.8
"913",2018-09-05,4.1466,75092.27
"914",2018-09-06,4.059,76416.01
"915",2018-09-10,4.0867,76436.35
"916",2018-09-11,4.1535,74656.51
"917",2018-09-12,4.1579,75124.81
"918",2018-09-13,4.2077,74686.67
"919",2018-09-14,4.1742,75429.09
"920",2018-09-17,4.1324,76788.85
"921",2018-09-18,4.1604,78313.96
"922",2018-09-19,4.1315,78168.66
"923",2018-09-20,4.0771,78116.01
"924",2018-09-21,4.0516,79444.29
"925",2018-09-24,4.0928,77984.18
"926",2018-09-25,4.0757,78630.14
"927",2018-09-26,4.0322,78656.16
"928",2018-09-27,4.0123,80000.09
"929",2018-09-28,4.0491,79342.42
"930",2018-10-01,4.0181,78623.66
"931",2018-10-02,3.9414,81612.28
"932",2018-10-03,3.9015,83273.4
"933",2018-10-04,3.8745,82952.81
"934",2018-10-05,3.8413,82321.52
"935",2018-10-08,3.779,86083.91
"936",2018-10-09,3.7155,86087.55
"937",2018-10-10,3.7555,83679.11
"938",2018-10-11,3.7812,82921.08
"939",2018-10-15,3.7357,83359.76
"940",2018-10-16,3.7252,85717.56
"941",2018-10-17,3.6875,85763.95
"942",2018-10-18,3.7216,83847.12
"943",2018-10-19,3.7149,84219.74
"944",2018-10-22,3.686,85596.69
"945",2018-10-23,3.6942,85300.03
"946",2018-10-24,3.735,83063.56
"947",2018-10-25,3.7058,84083.51
"948",2018-10-26,3.6429,85719.87
"949",2018-10-29,3.7187,83796.71
"950",2018-10-30,3.6974,86885.71
"951",2018-10-31,3.722,87423.55
"952",2018-11-01,3.7012,88419.05
"953",2018-11-05,3.7262,89598.16
"954",2018-11-06,3.7615,88668.92
"955",2018-11-07,3.7318,87714.35
"956",2018-11-08,3.7605,85620.13
"957",2018-11-09,3.7335,85641.21
"958",2018-11-12,3.7675,85524.7
"959",2018-11-13,3.8032,84914.11
"960",2018-11-14,3.7841,85973.06
"961",2018-11-16,3.7435,88515.27
"962",2018-11-19,3.757,87900.83
"963",2018-11-21,3.7976,87268.8
"964",2018-11-22,3.8045,87477.44
"965",2018-11-23,3.8283,86230.22
"966",2018-11-26,3.941,85546.51
"967",2018-11-27,3.8752,87891.18
"968",2018-11-28,3.851,89250.82
"969",2018-11-29,3.8527,89709.56
"970",2018-11-30,3.8669,89504.03
"971",2018-12-03,3.8423,89820.09
"972",2018-12-04,3.8525,88624.45
"973",2018-12-05,3.8686,89039.79
"974",2018-12-06,3.8793,88846.48
"975",2018-12-07,3.9075,88115.07
"976",2018-12-10,3.9181,85914.71
"977",2018-12-11,3.904,86419.57
"978",2018-12-12,3.8555,86977.46
"979",2018-12-13,3.8911,87837.59
"980",2018-12-14,3.9171,87449.5
"981",2018-12-17,3.8995,86399.68
"982",2018-12-18,3.9124,86610.49
"983",2018-12-19,3.8977,85673.52
"984",2018-12-20,3.8422,85269.29
"985",2018-12-21,3.904,85697.15
"986",2018-12-26,3.922,85136.1
"987",2018-12-27,3.8735,85460.2
"988",2018-12-28,3.8813,87887.26
"989",2019-01-02,3.79,91012.31
"990",2019-01-03,3.7565,91564.25
"991",2019-01-04,3.7155,91840.79
"992",2019-01-07,3.7356,91699.05
"993",2019-01-08,3.7133,92031.86
"994",2019-01-09,3.6807,93613.04
"995",2019-01-10,3.7105,93805.93
"996",2019-01-11,3.7113,93658.31
"997",2019-01-14,3.6991,94474.13
"998",2019-01-15,3.7172,94055.72
"999",2019-01-16,3.7366,94393.07
"1000",2019-01-17,3.7504,95351.09
"1001",2019-01-18,3.7517,96096.75
"1002",2019-01-21,3.755,96009.77
"1003",2019-01-22,3.8152,95103.38
"1004",2019-01-23,3.7663,96558.42
"1005",2019-01-24,3.7733,97677.19
"1006",2019-01-28,3.7619,95443.88
"1007",2019-01-29,3.7202,95639.33
"1008",2019-01-30,3.685,96996.21
"1009",2019-01-31,3.644,97393.74
"1010",2019-02-01,3.6597,97861.27
"1011",2019-02-04,3.6687,98588.63
"1012",2019-02-05,3.6698,98311.2
"1013",2019-02-06,3.6983,94635.57
"1014",2019-02-07,3.7167,94405.59
"1015",2019-02-08,3.7292,95343.1
"1016",2019-02-11,3.7577,94412.91
"1017",2019-02-12,3.7098,96168.4
"1018",2019-02-13,3.7544,95842.4
"1019",2019-02-14,3.7233,98015.09
"1020",2019-02-15,3.7008,97525.91
"1021",2019-02-18,3.7353,96509.89
"1022",2019-02-19,3.7231,97659.15
"1023",2019-02-20,3.7277,96544.81
"1024",2019-02-21,3.7696,96932.27
"1025",2019-02-22,3.7485,97885.6
"1026",2019-02-25,3.7521,97239.9
"1027",2019-02-26,3.7489,97602.5
"1028",2019-02-27,3.7287,97307.31
"1029",2019-02-28,3.7514,95584.35
"1030",2019-03-01,3.7752,94603.75
"1031",2019-03-06,3.8401,94216.87
"1032",2019-03-07,3.8704,94340.17
"1033",2019-03-08,3.8668,95364.85
"1034",2019-03-11,3.8403,98026.62
"1035",2019-03-12,3.8114,97828.03
"1036",2019-03-13,3.8147,98903.88
"1037",2019-03-14,3.8443,98604.67
"1038",2019-03-15,3.8144,99136.74
"1039",2019-03-18,3.7915,99993.92
"1040",2019-03-19,3.7891,99588.37
"1041",2019-03-20,3.7763,98041.37
"1042",2019-03-21,3.793,96729.08
"1043",2019-03-22,3.9071,93735.15
"1044",2019-03-25,3.8544,93662.01
"1045",2019-03-26,3.8773,95306.82
"1046",2019-03-27,3.9935,91903.4
"1047",2019-03-28,3.901,94388.94
"1048",2019-03-29,3.9247,95414.55
"1049",2019-04-01,3.8518,96054.45
"1050",2019-04-02,3.8537,95386.76
"1051",2019-04-03,3.87,94491.48
"1052",2019-04-04,3.859,96313.06
"1053",2019-04-05,3.8735,97108.17
"1054",2019-04-08,3.8495,97369.29
"1055",2019-04-09,3.851,96291.79
"1056",2019-04-10,3.8251,95953.45
"1057",2019-04-11,3.8582,94754.7
"1058",2019-04-12,3.8819,92875
"1059",2019-04-15,3.8723,93082.97
"1060",2019-04-16,3.904,94333.31
"1061",2019-04-17,3.9382,93284.75
"1062",2019-04-18,3.9274,94578.26
"1063",2019-04-22,3.9365,94588.06
"1064",2019-04-23,3.9211,95923.24
"1065",2019-04-24,3.9927,95045.43
"1066",2019-04-25,3.9542,96552.03
"1067",2019-04-26,3.9293,96236.04
"1068",2019-04-29,3.9456,96187.75
"1069",2019-04-30,3.9215,96353.33
"1070",2019-05-02,3.9661,95527.62
"1071",2019-05-03,3.9382,96007.89
"1072",2019-05-06,3.9695,95008.66
"1073",2019-05-07,3.971,94388.73
"1074",2019-05-08,3.9285,95596.61
"1075",2019-05-09,3.9466,94807.85
"1076",2019-05-10,3.9572,94257.56
"1077",2019-05-13,3.9939,91726.54
"1078",2019-05-14,3.9751,92092.44
"1079",2019-05-15,4.0017,91623.44
"1080",2019-05-16,4.0469,90024.47
"1081",2019-05-17,4.0999,89992.73
"1082",2019-05-20,4.0968,91946.19
"1083",2019-05-21,4.039,94484.63
"1084",2019-05-22,4.0403,94360.66
"1085",2019-05-23,4.0401,93910.03
"1086",2019-05-24,4.0225,93627.8
"1087",2019-05-27,4.0423,94864.25
"1088",2019-05-28,4.0247,96392.76
"1089",2019-05-29,3.9747,96566.55
"1090",2019-05-30,3.9818,97457.36
"1091",2019-05-31,3.9228,97030.32
"1092",2019-06-03,3.8859,97020.48
"1093",2019-06-04,3.8548,97380.28
"1094",2019-06-05,3.8811,95998.75
"1095",2019-06-06,3.8798,97204.85
"1096",2019-06-07,3.8789,97821.26
"1097",2019-06-10,3.8887,97466.69
"1098",2019-06-11,3.8571,98960
"1099",2019-06-12,3.8672,98320.88
"1100",2019-06-13,3.8487,98773.7
"1101",2019-06-14,3.8958,98040.06
"1102",2019-06-17,3.8883,97623.25
"1103",2019-06-18,3.8603,99404.39
"1104",2019-06-19,3.839,100303.41
"1105",2019-06-21,3.8192,102012.64
"1106",2019-06-24,3.8254,102062.33
"1107",2019-06-25,3.848,100092.95
"1108",2019-06-26,3.8445,100688.63
"1109",2019-06-27,3.8196,100723.97
"1110",2019-06-28,3.852,100967.2
"1111",2019-07-01,3.8405,101339.68
"1112",2019-07-02,3.8456,100605.17
"1113",2019-07-03,3.8272,102043.11
"1114",2019-07-04,3.8011,103636.17
"1115",2019-07-05,3.8221,104089.47
"1116",2019-07-08,3.8073,104530.22
"1117",2019-07-10,3.7546,105817.06
"1118",2019-07-11,3.7551,105146.44
"1119",2019-07-12,3.7373,103905.99
"1120",2019-07-15,3.7567,103802.69
"1121",2019-07-16,3.7687,103775.41
"1122",2019-07-17,3.7641,103855.53
"1123",2019-07-18,3.7193,104716.59
"1124",2019-07-19,3.7494,103451.93
"1125",2019-07-22,3.7407,103949.46
"1126",2019-07-23,3.7737,103704.28
"1127",2019-07-24,3.7736,104119.54
"1128",2019-07-25,3.779,102654.58
"1129",2019-07-26,3.7761,102818.93
"1130",2019-07-29,3.7816,103482.63
"1131",2019-07-30,3.7906,102932.76
"1132",2019-07-31,3.8129,101812.13
"1133",2019-08-01,3.8403,102125.94
"1134",2019-08-02,3.8893,102673.68
"1135",2019-08-05,3.9783,100097.75
"1136",2019-08-06,3.9612,102163.69
"1137",2019-08-07,3.9691,102782.37
"1138",2019-08-08,3.9199,104115.23
"1139",2019-08-09,3.9416,103996.16
"1140",2019-08-12,3.9855,101915.22
"1141",2019-08-13,3.966,103299.47
"1142",2019-08-14,4.0526,100258.01
"1143",2019-08-15,3.991,99056.91
"1144",2019-08-16,4.0058,99805.78
"1145",2019-08-19,4.0743,99468.67
"1146",2019-08-20,4.0542,99222.25
"1147",2019-08-21,4.0269,101201.9
"1148",2019-08-22,4.0706,100011.28
"1149",2019-08-23,4.1198,97667.49
"1150",2019-08-26,4.1571,96429.6
"1151",2019-08-27,4.1311,97276.19
"1152",2019-08-28,4.1682,98193.53
"1153",2019-08-29,4.1688,100524.43
"1154",2019-08-30,4.1453,101134.61
"1155",2019-09-02,4.1871,100625.74
"1156",2019-09-03,4.1681,99680.83
"1157",2019-09-04,4.095,101200.89
"1158",2019-09-05,4.1094,102243
"1159",2019-09-06,4.0618,102935.43
"1160",2019-09-09,4.0953,103180.59
"1161",2019-09-10,4.0808,103031.5
"1162",2019-09-11,4.068,103445.6
"1163",2019-09-12,4.0608,104370.91
"1164",2019-09-13,4.0849,103501.18
"1165",2019-09-16,4.081,103680.41
"1166",2019-09-17,4.0777,104616.86
"1167",2019-09-18,4.1112,104531.93
"1168",2019-09-19,4.1678,104339.16
"1169",2019-09-20,4.148,104817.4
"1170",2019-09-23,4.1638,104637.82
"1171",2019-09-24,4.165,103875.66
"1172",2019-09-25,4.149,104480.98
"1173",2019-09-26,4.1711,105319.4
"1174",2019-09-27,4.1602,105077.63
"1175",2019-09-30,4.1556,104745.32
"1176",2019-10-01,4.159,104053.4
"1177",2019-10-02,4.1293,101031.44
"1178",2019-10-03,4.0841,101516.04
"1179",2019-10-04,4.0556,102551.32
"1180",2019-10-07,4.1071,100572.77
"1181",2019-10-08,4.0954,99981.4
"1182",2019-10-09,4.1104,101248.78
"1183",2019-10-10,4.1095,101817.13
"1184",2019-10-11,4.1097,103831.92
"1185",2019-10-14,4.1265,104301.58
"1186",2019-10-15,4.1807,104489.56
"1187",2019-10-16,4.1518,105422.8
"1188",2019-10-17,4.1643,105015.77
"1189",2019-10-18,4.1117,104728.89
"1190",2019-10-21,4.1293,106022.28
"1191",2019-10-22,4.0819,107381.11
"1192",2019-10-23,4.0346,107543.59
"1193",2019-10-24,4.0415,106986.15
"1194",2019-10-25,4.0038,107363.77
"1195",2019-10-28,3.991,108187.06
"1196",2019-10-29,3.9986,107556.26
"1197",2019-10-30,3.9909,108407.54
"1198",2019-10-31,4.0184,107219.83
"1199",2019-11-01,3.9903,108195.63
"1200",2019-11-04,4.0156,108779.33
"1201",2019-11-05,3.9937,108719.02
"1202",2019-11-06,4.0836,108360.22
"1203",2019-11-07,4.1007,109580.57
"1204",2019-11-08,4.1635,107628.98
"1205",2019-11-11,4.1518,108367.44
"1206",2019-11-12,4.1677,106751.11
"1207",2019-11-13,4.1704,106059.95
"1208",2019-11-14,4.1951,106556.88
"1209",2019-11-18,4.218,106269.25
"1210",2019-11-19,4.1945,105864.18
"1211",2019-11-21,4.1932,107496.73
"1212",2019-11-22,4.1966,108692.28
"1213",2019-11-25,4.2268,108423.93
"1214",2019-11-26,4.2332,107059.4
"1215",2019-11-27,4.2638,107707.75
"1216",2019-11-28,4.1902,108290.09
"1217",2019-11-29,4.2367,108233.28
"1218",2019-12-02,4.2234,108927.83
"1219",2019-12-03,4.2066,108956.02
"1220",2019-12-04,4.208,110300.93
"1221",2019-12-05,4.186,110622.27
"1222",2019-12-06,4.1414,111125.75
"1223",2019-12-09,4.1425,110977.23
"1224",2019-12-10,4.147,110672.01
"1225",2019-12-11,4.1242,110963.87
"1226",2019-12-12,4.0908,112199.74
"1227",2019-12-13,4.1082,112564.86
"1228",2019-12-16,4.0632,111896.04
"1229",2019-12-17,4.0719,112615.66
"1230",2019-12-18,4.0634,114314.65
"1231",2019-12-19,4.0697,115131.25
"1232",2019-12-20,4.1025,115121.08
"1233",2019-12-23,4.0835,115863.29
