"data","dia.do.ano","t.media","t.max","t.min","chuva","ur","estacao"
2009-01-01,1,24.7497916666667,29.92,21.82,1.8,89.9439583333333,"Verão"
2009-01-02,2,25.8022916666667,31.21,22.91,12.8,84.5970833333333,"Verão"
2009-01-03,3,27.131875,31.41,23.84,0.4,77.9997916666667,"Verão"
2009-01-04,4,25.7502083333333,31.84,23.35,66.4,87.2229166666667,"Verão"
2009-01-05,5,25.9639583333333,29.83,22.64,0.2,81.2389583333333,"Verão"
2009-01-06,6,26.5,31.48,23.47,0,82.4435416666667,"Verão"
2009-01-07,7,24.6570833333333,27.95,23.12,9.4,90.8458333333333,"Verão"
2009-01-08,8,25.204375,29.07,22.64,0.2,88.7791666666667,"Verão"
2009-01-09,9,26.4866666666667,29.73,23.88,0,81.8329166666667,"Verão"
2009-01-10,10,25.371875,29.16,23.17,14.6,89.03125,"Verão"
2009-01-11,11,24.439375,29.25,22.39,19,89.811875,"Verão"
2009-01-12,12,24.9452083333333,29.6,23,15.2,87.1497916666667,"Verão"
2009-01-13,13,25.58125,30.01,23.13,10.4,86.8191666666667,"Verão"
2009-01-14,14,24.15625,25.7,23.18,10.4,92.6354166666667,"Verão"
2009-01-15,15,25.578125,30.08,22.8,20.4,85.7952083333333,"Verão"
2009-01-16,16,24.589375,28.41,22.9,48.8,92.1645833333333,"Verão"
2009-01-17,17,25.114375,29.48,23.22,26,90.31875,"Verão"
2009-01-18,18,24.1997916666667,29.04,22.58,10.4,90.8708333333333,"Verão"
2009-01-19,19,23.99125,27.79,22.1,0.8,91.9625,"Verão"
2009-01-20,20,25,28.91,22.35,0.6,85.4997916666667,"Verão"
2009-01-21,21,24.4095833333333,27.83,22.33,38.6,89.3479166666667,"Verão"
2009-01-22,22,25.585625,29.75,23.07,0,85.4985416666667,"Verão"
2009-01-23,23,24.4947916666667,26.88,22.72,7.6,91.0541666666667,"Verão"
2009-01-24,24,24.6404166666667,30.87,22.64,1.6,89.2816666666667,"Verão"
2009-01-25,25,25.1354166666667,29.04,22.72,0,88.5041666666667,"Verão"
2009-01-26,26,24.785625,28.69,22.3,16.8,87.9091666666667,"Verão"
2009-01-27,27,23.7795833333333,26.6,22.21,18.6,91.4354166666667,"Verão"
2009-01-28,28,23.6954166666667,25.39,21.86,16,92.4708333333333,"Verão"
2009-01-29,29,23.736875,26.19,21.59,26.4,92.2770833333333,"Verão"
2009-01-30,30,25.6410416666667,29.39,22.94,0.8,86,"Verão"
2009-01-31,31,24.7560416666667,28.99,23.38,4.8,91.4645833333333,"Verão"
2009-02-01,32,24.0889583333333,29.8,22.16,6.2,90.0277083333333,"Verão"
2009-02-02,33,24.701875,30.43,21.4,5,87.1745833333333,"Verão"
2009-02-03,34,25.693125,30,22.89,3.2,85.6789583333333,"Verão"
2009-02-04,35,25.20125,28.23,22.32,3.8,85.5472916666667,"Verão"
2009-02-05,36,24.4577083333333,27.01,22.92,9.4,89.7229166666667,"Verão"
2009-02-06,37,25.8195833333333,30.35,23.41,3.2,82.9720833333333,"Verão"
2009-02-07,38,24.8483333333333,28.51,23.5,21.6,91.6854166666667,"Verão"
2009-02-08,39,23.2579166666667,24.03,22.04,92,95.4375,"Verão"
2009-02-09,40,25.4472916666667,31.03,22.11,0.2,83.179375,"Verão"
2009-02-10,41,25.38,29.47,22.68,0,83.4102083333333,"Verão"
2009-02-11,42,25.0625,28.82,21.33,9.6,85.8666666666667,"Verão"
2009-02-12,43,23.9812765957447,NA,NA,8.6,NA,"Verão"
2009-02-13,44,25.436875,29.32,22.75,19.8,87.2745833333333,"Verão"
2009-02-14,45,24.149375,28.37,22.49,17.6,91.8958333333333,"Verão"
2009-02-15,46,23.9183333333333,26.64,22.18,0,90.4104166666667,"Verão"
2009-02-16,47,25.33625,29.51,21.73,1.8,81.290625,"Verão"
2009-02-17,48,25.8247916666667,29.78,23.46,1.2,81.6014583333333,"Verão"
2009-02-18,49,24.6866666666667,29.4,23.18,2.2,87.9645833333333,"Verão"
2009-02-19,50,25.616875,29.92,22.5,1.2,82.4714583333333,"Verão"
2009-02-20,51,24.7108333333333,27.03,22.83,0,86.7854166666667,"Verão"
2009-02-21,52,24.2275,27.92,22.85,5.2,91.5166666666667,"Verão"
2009-02-22,53,25.0995833333333,28.07,22.64,4.6,84.3625,"Verão"
2009-02-23,54,25.723125,29.93,23.09,5.4,83.5445833333333,"Verão"
2009-02-24,55,23.1145833333333,24.39,22.28,37.4,95.3291666666667,"Verão"
2009-02-25,56,24.185,29.43,22.5,12.8,90.1327083333333,"Verão"
2009-02-26,57,24.9008333333333,28.6,22.61,0.4,88.2472916666667,"Verão"
2009-02-27,58,25.9822916666667,30.8,22.81,2.4,80.941875,"Verão"
2009-02-28,59,24.8339583333333,28.29,23.11,1.8,89.0666666666667,"Verão"
2009-03-01,60,25.8083333333333,31.04,22.03,1.2,83.9595833333333,"Verão"
2009-03-02,61,26.119375,28.81,23.54,14.2,85.8895833333333,"Verão"
2009-03-03,62,25.0504166666667,29.74,23.02,14,89.2891666666667,"Verão"
2009-03-04,63,25.376875,28.92,23.02,4,83.4854166666667,"Verão"
2009-03-05,64,23.95875,26.49,22.65,14.6,92.1395833333333,"Verão"
2009-03-06,65,25.2283333333333,30.58,22.41,0.2,85.096875,"Verão"
2009-03-07,66,24.0429166666667,27.71,22.91,24.2,92.5104166666667,"Verão"
2009-03-08,67,24.7347916666667,29.8,22.45,5.8,89.6191666666667,"Verão"
2009-03-09,68,25.8864583333333,30.86,22.79,0.2,84.8302083333333,"Verão"
2009-03-10,69,24.7545833333333,28.86,23.24,16.2,91.7291666666667,"Verão"
2009-03-11,70,24.1354166666667,26.55,22.78,15.4,90.8625,"Verão"
2009-03-12,71,23.9514583333333,28.38,22.29,5,89.18125,"Verão"
2009-03-13,72,24.184375,26.91,22.22,10.6,89.4395833333333,"Verão"
2009-03-14,73,25.2089583333333,29.95,23.15,2.8,85.7208333333333,"Verão"
2009-03-15,74,24.3479166666667,28.4,23.05,20.2,91.8729166666667,"Verão"
2009-03-16,75,24.44625,28.56,22.54,5.4,88.775,"Verão"
2009-03-17,76,25.1375,29.02,22.49,0.2,85.5420833333333,"Verão"
2009-03-18,77,25.424375,30.74,23.07,0.2,85.1714583333333,"Verão"
2009-03-19,78,24.9360416666667,30.39,22.87,3.6,89.5347916666667,"Verão"
2009-03-20,79,25.28125,27.81,23.03,0.4,87.4229166666667,"Verão"
2009-03-21,80,25.026875,27.76,23.54,0.4,89.63125,"Outono"
2009-03-22,81,24.0208333333333,28.64,21.62,21.8,91.6583333333333,"Outono"
2009-03-23,82,25.2147916666667,29.06,21.66,0.2,81.2972916666667,"Outono"
2009-03-24,83,23.7525,25.45,22.34,13.8,91.3166666666667,"Outono"
2009-03-25,84,23.5922916666667,28.95,22.14,36,93.1541666666667,"Outono"
2009-03-26,85,24.9947916666667,30.6,21.67,1,84.9133333333333,"Outono"
2009-03-27,86,24.9527083333333,29.93,22.99,0.4,88.1179166666667,"Outono"
2009-03-28,87,26.1197916666667,31.02,22.82,0.4,81.909375,"Outono"
2009-03-29,88,24.6625,29.4,22.84,12.6,89.9804166666667,"Outono"
2009-03-30,89,23.95875,27.66,22.36,2.8,91.05,"Outono"
2009-03-31,90,26.0716666666667,30.7,22.79,0.2,80.5495833333333,"Outono"
2009-04-01,91,24.5733333333333,30.26,22.42,44,88.4616666666667,"Outono"
2009-04-02,92,25.146875,30.83,21.76,10,82.8977083333333,"Outono"
2009-04-03,93,25.199375,29.93,22.18,0,83.1204166666667,"Outono"
2009-04-04,94,26.5710416666667,31.48,23.07,0,79.5439583333333,"Outono"
2009-04-05,95,26.01,30.61,23.65,0,83.7747916666667,"Outono"
2009-04-06,96,26.183125,31.01,23.31,0,82.095625,"Outono"
2009-04-07,97,26.0895833333333,31.72,22.18,20.6,80.3497916666667,"Outono"
2009-04-08,98,24.8789583333333,29.55,21.59,0.4,84.6275,"Outono"
2009-04-09,99,26.8270833333333,30.52,24.09,0.4,77.9739583333333,"Outono"
2009-04-10,100,24.70625,27.8,22.74,23.2,89.0291666666667,"Outono"
2009-04-11,101,23.5766666666667,26.31,22.51,2.4,93.9645833333333,"Outono"
2009-04-12,102,25.49875,30.58,21.61,0.2,83.8375,"Outono"
2009-04-13,103,26.1685416666667,30.85,23.06,0.6,82.0820833333333,"Outono"
2009-04-14,104,25.3491666666667,28.91,23.77,3.6,87.94875,"Outono"
2009-04-15,105,25.3197916666667,29.33,23.53,0,87.3520833333333,"Outono"
2009-04-16,106,24.3458333333333,29.24,22.66,17.4,90.5247916666667,"Outono"
2009-04-17,107,25.94375,30.82,22.3,0.4,81.579375,"Outono"
2009-04-18,108,25.306875,29.72,23.85,1.4,88.1677083333333,"Outono"
2009-04-19,109,24.2841666666667,28.54,22.9,33.6,91.6645833333333,"Outono"
2009-04-20,110,24.396875,29.98,22.26,12.8,91.1841666666667,"Outono"
2009-04-21,111,25.3564583333333,29.95,23.31,3.6,90.73625,"Outono"
2009-04-22,112,26.2697916666667,30.61,24.26,11.6,85.4347916666667,"Outono"
2009-04-23,113,27.078125,31.02,23.88,0.4,78.9191666666667,"Outono"
2009-04-24,114,27.2827083333333,31.78,23.53,0,76.0158333333333,"Outono"
2009-04-25,115,26.3683333333333,31.51,23.59,10.2,82.5285416666667,"Outono"
2009-04-26,116,25.0402083333333,29.74,23.14,13,90.34875,"Outono"
2009-04-27,117,24.496875,30.03,22.89,18,92.6408333333333,"Outono"
2009-04-28,118,24.4758333333333,29.82,23.06,8.6,91.6610416666667,"Outono"
2009-04-29,119,25.4995833333333,29.8,22.68,11.4,87.7610416666667,"Outono"
2009-04-30,120,24.6477083333333,28.61,23.04,36.6,89.7375,"Outono"
2009-05-01,121,23.93375,28.46,22.27,22.4,90.6879166666667,"Outono"
2009-05-02,122,24.5108333333333,29.92,22.2,0.4,88.4235416666667,"Outono"
2009-05-03,123,24.2922916666667,26.89,22.48,0,89.2708333333333,"Outono"
2009-05-04,124,25.0316666666667,29.88,22.3,13.2,86.625625,"Outono"
2009-05-05,125,25.7591666666667,30.23,23.78,2.4,85.3120833333333,"Outono"
2009-05-06,126,24.3110416666667,29.14,22.78,6.2,89.7191666666667,"Outono"
2009-05-07,127,25.453125,29.57,21.39,0.8,82.4741666666667,"Outono"
2009-05-08,128,27.31875,32.71,23.9,13.8,75.039375,"Outono"
2009-05-09,129,24.8879166666667,29.78,23.03,24.6,88.425625,"Outono"
2009-05-10,130,24.43375,28.09,22.39,42,88.1166666666667,"Outono"
2009-05-11,131,24.7472916666667,29.86,22.86,11,89.7835416666667,"Outono"
2009-05-12,132,25.881875,29.44,23.38,8.8,84.4102083333333,"Outono"
2009-05-13,133,23.3375,27.16,21.88,72,93.575,"Outono"
2009-05-14,134,25.2870833333333,29.8,21.69,1.4,86.8102083333333,"Outono"
2009-05-15,135,26.7316666666667,31.53,23.68,0,79.7152083333333,"Outono"
2009-05-16,136,25.5108333333333,29.7,23.74,8,85.7539583333333,"Outono"
2009-05-17,137,25.9660416666667,30.06,23.57,1.2,83.4885416666667,"Outono"
2009-05-18,138,26.1597916666667,30.36,22.81,1.8,83.445625,"Outono"
2009-05-19,139,24.2347916666667,27.67,22.89,13.4,92.89375,"Outono"
2009-05-20,140,24.8133333333333,28.5,22.71,5,87.6389583333333,"Outono"
2009-05-21,141,25.7566666666667,30.47,22.88,0.6,82.5939583333333,"Outono"
2009-05-22,142,25.316875,29.71,23.14,18.4,85.6047916666667,"Outono"
2009-05-23,143,24.7347916666667,28.06,22.96,1.8,89,"Outono"
2009-05-24,144,25.3004166666667,30.08,23.06,3.4,87.329375,"Outono"
2009-05-25,145,24.1966666666667,27.94,23,3.6,91.74375,"Outono"
2009-05-26,146,25.9083333333333,30.44,22.58,0.2,82.6029166666667,"Outono"
2009-05-27,147,24.9145833333333,27.93,23.57,4.4,91.0041666666667,"Outono"
2009-05-28,148,24.8920833333333,27.53,23.38,5.2,89.8208333333333,"Outono"
2009-05-29,149,25.0689583333333,30.44,22.6,9,85.9410416666667,"Outono"
2009-05-30,150,24.7914583333333,30.24,22.28,11.6,86.7091666666667,"Outono"
2009-05-31,151,24.9039583333333,30.43,22.58,8.4,88.165,"Outono"
2009-06-01,152,24.949375,30.53,22.82,5.6,88.151875,"Outono"
2009-06-02,153,24.8772916666667,28.09,22.26,50.6,88.0645833333333,"Outono"
2009-06-03,154,23.9385416666667,25.73,23.14,27.8,93.875,"Outono"
2009-06-04,155,24.8733333333333,29.14,22.59,3,88.399375,"Outono"
2009-06-05,156,25.1004166666667,29.82,22.69,16.4,87.1875,"Outono"
2009-06-06,157,24.1416666666667,26.71,22.47,4.2,91.6708333333333,"Outono"
2009-06-07,158,25.2635416666667,29.72,22.53,3.2,86.231875,"Outono"
2009-06-08,159,24.1708333333333,27.38,22.5,4.8,91.4895833333333,"Outono"
2009-06-09,160,24.2772916666667,28.9,22.38,0.4,89.8277083333333,"Outono"
2009-06-10,161,23.905,27.8,22.66,7.6,91.7166666666667,"Outono"
2009-06-11,162,24.4029166666667,28.77,22.12,1.4,90.4416666666667,"Outono"
2009-06-12,163,23.9285416666667,25.68,22.43,22.6,91.9041666666667,"Outono"
2009-06-13,164,24.9852083333333,30.81,22.29,1.6,86.6847916666667,"Outono"
2009-06-14,165,24.0572916666667,27.75,22.69,11.4,92.4958333333333,"Outono"
2009-06-15,166,23.9804166666667,26.53,22.57,6.2,91.5625,"Outono"
2009-06-16,167,25.3320833333333,29.25,21.71,3.6,83.1672916666667,"Outono"
2009-06-17,168,25.13,28.25,23.16,0,86.9729166666667,"Outono"
2009-06-18,169,24.9747916666667,30.68,22.15,3,87.9397916666667,"Outono"
2009-06-19,170,26.9155319148936,NA,NA,0.4,NA,"Outono"
2009-06-20,171,27.3458333333333,30.86,24.06,0,71.2741666666667,"Outono"
2009-06-21,172,27.1339583333333,30.79,23.86,0,75.25,"Inverno"
2009-06-22,173,26.6010416666667,30.03,24.02,0.4,80.2614583333333,"Inverno"
2009-06-23,174,24.465625,30.12,22.84,23,90.586875,"Inverno"
2009-06-24,175,23.483125,27.22,21.81,0.6,91.8583333333333,"Inverno"
2009-06-25,176,24.29125,29.59,20.87,16.8,87.3664583333333,"Inverno"
2009-06-26,177,25.2814583333333,30.04,23.02,1.2,84.04875,"Inverno"
2009-06-27,178,25.5720833333333,29.7,22.42,1.8,81.7016666666667,"Inverno"
2009-06-28,179,25.09625,29.26,22.48,11.4,86.4764583333333,"Inverno"
2009-06-29,180,26.9829166666667,31.29,23.68,6.4,73.9810416666667,"Inverno"
2009-06-30,181,25.9935416666667,31.65,23.33,13.6,78.9891666666667,"Inverno"
2009-07-01,182,26.5870833333333,30.61,22.7,1.4,76.4577083333333,"Inverno"
2009-07-02,183,26.2595833333333,30.83,23.47,7.8,77.8595833333333,"Inverno"
2009-07-03,184,27.1835416666667,31.47,23.32,1.6,74.6947916666667,"Inverno"
2009-07-04,185,27.1720833333333,31.58,23.05,0,73.4077083333333,"Inverno"
2009-07-05,186,24.5479166666667,26.71,22.59,5.2,89.3583333333333,"Inverno"
2009-07-06,187,24.9120833333333,30.57,21.62,0.6,85.6504166666667,"Inverno"
2009-07-07,188,25.04125,29.94,22.11,19.8,83.915,"Inverno"
2009-07-08,189,25.4202083333333,30.04,22.75,1.4,81.23625,"Inverno"
2009-07-09,190,26.031875,29.93,23.34,0,81.0533333333333,"Inverno"
2009-07-10,191,25.1066666666667,30.57,22.53,0.2,83.9558333333333,"Inverno"
2009-07-11,192,26.9227083333333,31.68,21.83,0.2,74.3191666666667,"Inverno"
2009-07-12,193,27.445625,32.02,22.96,0,68.1664583333333,"Inverno"
2009-07-13,194,27.7758333333333,32.15,22.69,0,64.7202083333333,"Inverno"
2009-07-14,195,27.3622916666667,30.86,23.07,0,68.7575,"Inverno"
2009-07-15,196,24.1325,27.96,22.37,45.8,89.4520833333333,"Inverno"
2009-07-16,197,26.3579166666667,31.18,21.81,0,78.559375,"Inverno"
2009-07-17,198,26.6527083333333,30.54,24.42,2.8,76.5554166666667,"Inverno"
2009-07-18,199,25.94875,30.46,22.93,1.4,82.8864583333333,"Inverno"
2009-07-19,200,24.70875,28.88,23.03,11.2,88.3145833333333,"Inverno"
2009-07-20,201,26.529375,31.4,22.29,0,76.4397916666667,"Inverno"
2009-07-21,202,27.566875,31.21,23.85,0.2,71.7647916666667,"Inverno"
2009-07-22,203,28.101875,32.16,24.39,0,65.8272916666667,"Inverno"
2009-07-23,204,27.7308333333333,31.68,24.25,0,66.8427083333333,"Inverno"
2009-07-24,205,27.279375,31.83,23.87,19.4,72.5204166666667,"Inverno"
2009-07-25,206,25.7835416666667,30.56,23.2,8.4,81.9247916666667,"Inverno"
2009-07-26,207,26.3227083333333,30.85,23.1,1.4,80.5972916666667,"Inverno"
2009-07-27,208,26.819375,31.55,22.88,0,75.16875,"Inverno"
2009-07-28,209,28.1195833333333,31.94,22.9,0.2,67.06625,"Inverno"
2009-07-29,210,28.2808333333333,32.05,24.47,0,64.5722916666667,"Inverno"
2009-07-30,211,27.1266666666667,32.01,24.8,2.6,72.276875,"Inverno"
2009-07-31,212,25.3558333333333,31.61,22.47,19.8,83.3504166666667,"Inverno"
2009-08-01,213,26.7783333333333,31.76,21.55,0.2,75.4120833333333,"Inverno"
2009-08-02,214,28.1772916666667,32.37,24,0,63.4610416666667,"Inverno"
2009-08-03,215,27.9795833333333,31.94,24.42,0,64.6491666666667,"Inverno"
2009-08-04,216,28.468125,32.58,24.53,0,65.279375,"Inverno"
2009-08-05,217,28.1664583333333,32.58,24.49,0,66.8285416666667,"Inverno"
2009-08-06,218,28.0479166666667,32.11,24.35,0,63.2191666666667,"Inverno"
2009-08-07,219,27.7177083333333,32.7,24.4,3.6,64.8860416666667,"Inverno"
2009-08-08,220,28.8435416666667,32.81,24.69,0,62.2789583333333,"Inverno"
2009-08-09,221,27.9245714285714,NA,NA,0,73.3116666666667,"Inverno"
2009-08-10,222,25.9295744680851,NA,NA,0,79.3672916666667,"Inverno"
2009-08-11,223,25.3210416666667,30.8,23.04,20,81.838125,"Inverno"
2009-08-12,224,26.8522916666667,32.3,22.77,0,74.7947916666667,"Inverno"
2009-08-13,225,28.4214583333333,33.03,24.03,0,65.3789583333333,"Inverno"
2009-08-14,226,28.0825,32.78,24.33,11,67.8889583333333,"Inverno"
2009-08-15,227,27.5979166666667,32.12,23.72,1.6,72.8635416666667,"Inverno"
2009-08-16,228,27.4454166666667,31.59,24.03,0,75.5129166666667,"Inverno"
2009-08-17,229,28.9197916666667,32.89,24.95,0,65.64625,"Inverno"
2009-08-18,230,29.3075,33.77,25.41,0,62.1225,"Inverno"
2009-08-19,231,29.5008333333333,34.22,24.48,0,58.6610416666667,"Inverno"
2009-08-20,232,29.370625,33.83,25.04,0,59.7027083333333,"Inverno"
2009-08-21,233,29.494375,34.24,24.58,0,56.178125,"Inverno"
2009-08-22,234,29.6847916666667,34.84,24.86,0,56.4852083333333,"Inverno"
2009-08-23,235,27.5760416666667,33.21,24.22,0,72.2858333333333,"Inverno"
2009-08-24,236,27.754375,32.42,23.3,0,70.314375,"Inverno"
2009-08-25,237,27.3858333333333,32.29,23.95,4.6,69.8679166666667,"Inverno"
2009-08-26,238,27.1733333333333,31.02,23.53,0.2,76.4035416666667,"Inverno"
2009-08-27,239,26.939375,31.34,23.42,0,76.8297916666667,"Inverno"
2009-08-28,240,25.5952083333333,31.04,22.59,34,80.5272916666667,"Inverno"
2009-08-29,241,26.5566666666667,31.75,22.92,0,74.0654166666667,"Inverno"
2009-08-30,242,26.683125,31.64,23.48,0.2,73.5022916666667,"Inverno"
2009-08-31,243,25.689375,33.37,22.44,7.2,81.330625,"Inverno"
2009-09-01,244,27.170625,31.82,22.69,0.2,74.0833333333333,"Inverno"
2009-09-02,245,29.0458333333333,33.65,23.99,0,62.4004166666667,"Inverno"
2009-09-03,246,29.33125,33.98,24.58,0,58.954375,"Inverno"
2009-09-04,247,29.474375,34.16,24.65,0,56.2397916666667,"Inverno"
2009-09-05,248,29.8220833333333,34.45,24.95,0,52.7366666666667,"Inverno"
2009-09-06,249,30.2929166666667,34.56,25.88,0,52.0727083333333,"Inverno"
2009-09-07,250,29.4472916666667,34.35,24.79,0,59.6527083333333,"Inverno"
2009-09-08,251,28.9697916666667,33.65,24.81,0,59.68,"Inverno"
2009-09-09,252,29.1589583333333,34.21,23.92,0,55.3385416666667,"Inverno"
2009-09-10,253,29.9047916666667,34.86,24.57,0,49.1529166666667,"Inverno"
2009-09-11,254,26.8116666666667,31.82,23.98,0.2,72.4464583333333,"Inverno"
2009-09-12,255,26.4547916666667,31.27,23.04,1.8,79.335625,"Inverno"
2009-09-13,256,25.5183333333333,30.84,23.35,0.2,85.549375,"Inverno"
2009-09-14,257,27.5120833333333,31.99,22.44,0.2,73.52375,"Inverno"
2009-09-15,258,26.966875,31.57,23.8,0.4,75.213125,"Inverno"
2009-09-16,259,28.3772916666667,32.96,23.32,0,69.6145833333333,"Inverno"
2009-09-17,260,28.519375,33.52,23.96,0,68.84125,"Inverno"
2009-09-18,261,25.9475,27.77,23.97,2,86.3208333333333,"Inverno"
2009-09-19,262,28.2525,32.77,24.84,0,72.3358333333333,"Inverno"
2009-09-20,263,27.973125,33.54,24.71,0.2,70.7697916666667,"Inverno"
2009-09-21,264,28.4766666666667,33.55,23.59,0,69.30625,"Inverno"
2009-09-22,265,28.9858333333333,33.3,24.19,0,58.7510416666667,"Inverno"
2009-09-23,266,29.271875,34.17,24.65,2,55.0539583333333,"Primavera"
2009-09-24,267,29.52125,34.51,24.34,0,58.4139583333333,"Primavera"
2009-09-25,268,28.4427083333333,34.07,24.27,0,65.4591666666667,"Primavera"
2009-09-26,269,28.0235416666667,34,24.18,0,66.6997916666667,"Primavera"
2009-09-27,270,26.0552083333333,33.1,22.57,0,78.0775,"Primavera"
2009-09-28,271,28.97625,33.74,23.26,0,61.0022916666667,"Primavera"
2009-09-29,272,30.1447916666667,35.01,25.49,0,48.9264583333333,"Primavera"
2009-09-30,273,29.4575,33.96,25.61,0,58.9170833333333,"Primavera"
2009-10-01,274,27.5847916666667,32.1,24.88,1,72.6970833333333,"Primavera"
2009-10-02,275,28.3210416666667,33.34,23.71,0,67.7020833333333,"Primavera"
2009-10-03,276,28.588125,34.6,22.31,0,67.0208333333333,"Primavera"
2009-10-04,277,29.6352083333333,34.85,24.56,0,59.3820833333333,"Primavera"
2009-10-05,278,30.3010416666667,36.06,24.65,0,60.3358333333333,"Primavera"
2009-10-06,279,30.505625,35.53,26.31,0,56.4485416666667,"Primavera"
2009-10-07,280,30.264375,34.81,25.76,0,55.5129166666667,"Primavera"
2009-10-08,281,29.624375,34.99,25.57,0,59.9235416666667,"Primavera"
2009-10-09,282,28.3602083333333,33.23,24.29,0,72.1716666666667,"Primavera"
2009-10-10,283,26.6922916666667,29.85,24.21,0.2,78.3116666666667,"Primavera"
2009-10-11,284,26.99625,33.23,22.56,6.8,77.6441666666667,"Primavera"
2009-10-12,285,26.8516666666667,32.83,24.06,0,77.43875,"Primavera"
2009-10-13,286,25.3675,29.29,22.54,0,83.1733333333333,"Primavera"
2009-10-14,287,26.6191666666667,33.55,23.1,67.2,77.0514583333333,"Primavera"
2009-10-15,288,25.3664583333333,28.27,22.98,10.8,88.0270833333333,"Primavera"
2009-10-16,289,25.1083333333333,30.72,22.45,14.8,87.1385416666667,"Primavera"
2009-10-17,290,26.75125,33.03,23.31,10.8,78.195,"Primavera"
2009-10-18,291,28.529375,33.81,22.55,0,67.6127083333333,"Primavera"
2009-10-19,292,26.8554166666667,31.28,23.46,7.6,76.0647916666667,"Primavera"
2009-10-20,293,25.9347916666667,32,23.18,0.4,80.7085416666667,"Primavera"
2009-10-21,294,27.2322916666667,31.15,23.04,0.6,76.2375,"Primavera"
2009-10-22,295,29.223125,33.82,24.68,0.4,66.6775,"Primavera"
2009-10-23,296,30.4129166666667,34.57,25.19,0.2,54.6939583333333,"Primavera"
2009-10-24,297,30.7210416666667,34.88,26.43,0,49.7566666666667,"Primavera"
2009-10-25,298,30.19375,34.91,25.72,0,55.1925,"Primavera"
2009-10-26,299,30.6577083333333,35.01,25.31,0,54.0091666666667,"Primavera"
2009-10-27,300,31.1895833333333,35.43,26.28,0,50.3279166666667,"Primavera"
2009-10-28,301,26.7460416666667,30.66,21.56,43.4,78.4570833333333,"Primavera"
2009-10-29,302,25.3416666666667,31.15,22.9,41,86.0772916666667,"Primavera"
2009-10-30,303,26.2035416666667,31.1,22.46,0,81.3279166666667,"Primavera"
2009-10-31,304,25.338125,31.27,23.03,51.8,85.5372916666667,"Primavera"
2009-11-01,305,26.9241666666667,31.73,22.77,0.4,77.9308333333333,"Primavera"
2009-11-02,306,25.915625,31.51,22.88,1,81.9075,"Primavera"
2009-11-03,307,27.4229166666667,32.48,22.8,0,74.8764583333333,"Primavera"
2009-11-04,308,27.49125,32.07,24.95,0,77.23125,"Primavera"
2009-11-05,309,28.190625,32.24,24.01,0,70.9304166666667,"Primavera"
2009-11-06,310,28.2266666666667,31.86,24.39,0,70.0795833333333,"Primavera"
2009-11-07,311,28.160625,31.39,25.06,0,68.583125,"Primavera"
2009-11-08,312,29.5264583333333,33.16,25.97,0,61.6541666666667,"Primavera"
2009-11-09,313,29.7054166666667,33.72,25.82,0,60.2858333333333,"Primavera"
2009-11-10,314,28.2985416666667,31.79,24,0,70.8552083333333,"Primavera"
2009-11-11,315,29.1108333333333,33.5,25.83,0.2,67.899375,"Primavera"
2009-11-12,316,30.365,35.38,25.11,0,60.8795833333333,"Primavera"
2009-11-13,317,27.955625,32.04,24.83,4.4,72.0027083333333,"Primavera"
2009-11-14,318,25.8170833333333,30.61,22.1,10,81.8977083333333,"Primavera"
2009-11-15,319,25.2675,28.31,23.41,3,87.85625,"Primavera"
2009-11-16,320,28.3952083333333,32.81,23.66,0,71.08,"Primavera"
2009-11-17,321,29.709375,33.18,26.13,0,63.4729166666667,"Primavera"
2009-11-18,322,29.8520833333333,33.73,26.42,0,65.2179166666667,"Primavera"
2009-11-19,323,29.6089583333333,33.22,25.88,0,62.9372916666667,"Primavera"
2009-11-20,324,29.5420833333333,33.49,25.99,0.2,63.2966666666667,"Primavera"
2009-11-21,325,29.8927083333333,34.05,26.2,0,58.4395833333333,"Primavera"
2009-11-22,326,29.4625,33.7,25.41,0,55.6166666666667,"Primavera"
2009-11-23,327,30.0729166666667,34.05,26.2,0,51.8966666666667,"Primavera"
2009-11-24,328,30.721875,35.37,26.17,0,50.2839583333333,"Primavera"
2009-11-25,329,30.6927083333333,34.72,25.37,0.6,51.1366666666667,"Primavera"
2009-11-26,330,29.428125,32.81,26.68,0.4,61.011875,"Primavera"
2009-11-27,331,29.3245833333333,33.44,25.3,0.2,63.1402083333333,"Primavera"
2009-11-28,332,29.8727083333333,34.53,25.14,0,53.7970833333333,"Primavera"
2009-11-29,333,30.4,34.67,26,0,51.0216666666667,"Primavera"
2009-11-30,334,29.9970833333333,34.36,26.06,0,56.1720833333333,"Primavera"
2009-12-01,335,29.0766666666667,33.1,25.12,0,67.2210416666667,"Primavera"
2009-12-02,336,29.2785416666667,33.72,25.24,3.6,66.5104166666667,"Primavera"
2009-12-03,337,30.3558333333333,34.35,26.4,0,58.11125,"Primavera"
2009-12-04,338,30.270625,34.62,26.09,0,58.13625,"Primavera"
2009-12-05,339,28.091875,32.29,25.44,0,76.625625,"Primavera"
2009-12-06,340,28.5260416666667,32.17,24.9,0,71.783125,"Primavera"
2009-12-07,341,25.24625,27.66,23.79,3.8,88.0875,"Primavera"
2009-12-08,342,25.498125,28.53,23.34,1,82.9279166666667,"Primavera"
2009-12-09,343,25.173125,31.24,22.53,5,83.528125,"Primavera"
2009-12-10,344,23.0064583333333,23.89,21.63,24.8,95.30625,"Primavera"
2009-12-11,345,24.301875,29.04,22.68,2.2,90.31875,"Primavera"
2009-12-12,346,24.3170833333333,27.34,22.45,34.4,90.8729166666667,"Primavera"
2009-12-13,347,26.0377083333333,30.05,23.21,0.2,79.9377083333333,"Primavera"
2009-12-14,348,27.570625,31.31,23.86,2.4,73.5891666666667,"Primavera"
2009-12-15,349,26.5310416666667,30.1,24.01,5.2,80.736875,"Primavera"
2009-12-16,350,24.5864583333333,26.97,23.6,14,92.4083333333333,"Primavera"
2009-12-17,351,23.0634146341463,NA,NA,18.4,NA,"Primavera"
2009-12-18,352,25.9977083333333,31.04,22.15,0.2,81.0883333333333,"Primavera"
2009-12-19,353,26.3208333333333,30.05,23.47,1.4,85.4733333333333,"Primavera"
2009-12-20,354,26.3072916666667,31.43,24.07,0.2,83.5779166666667,"Primavera"
2009-12-21,355,22.9316666666667,24.97,21.64,78.6,95.6145833333333,"Primavera"
2009-12-22,356,24.855625,29.32,21.9,0,85.688125,"Primavera"
2009-12-23,357,26.0845833333333,30.15,22.86,0,80.4327083333333,"Verão"
2009-12-24,358,26.1641666666667,30.76,23.82,3.4,81.3416666666667,"Verão"
2009-12-25,359,27.0029166666667,31.68,23.13,0,79.909375,"Verão"
2009-12-26,360,28.9639583333333,32.39,25.45,0,69.1058333333333,"Verão"
2009-12-27,361,28.615,32.01,23.95,2,68.6729166666667,"Verão"
2009-12-28,362,26.455,30.88,23.35,6,78.7570833333333,"Verão"
2009-12-29,363,24.2902083333333,27.27,22.56,11.4,89.225,"Verão"
2009-12-30,364,26.2139583333333,30.01,22.79,0,77.0685416666667,"Verão"
2009-12-31,365,27.1614583333333,31.3,23.4,0,70.5270833333333,"Verão"
2010-01-01,1,26.538125,29.93,24.65,0,77.8597916666667,"Verão"
2010-01-02,2,26.9158333333333,30.73,23.32,1,75.5572916666667,"Verão"
2010-01-03,3,25.960625,30.07,23.7,0,81.0572916666667,"Verão"
2010-01-04,4,25.2870833333333,29.54,22.82,1,84.4277083333333,"Verão"
2010-01-05,5,26.9920833333333,31.39,23.17,0.6,77.2172916666667,"Verão"
2010-01-06,6,27.0764583333333,31.14,23.78,0.2,79.393125,"Verão"
2010-01-07,7,25.34125,29.04,23.43,2.4,88.48125,"Verão"
2010-01-08,8,26.1610416666667,28.86,23.58,0.8,82.1852083333333,"Verão"
2010-01-09,9,27.3845833333333,30.46,24.25,0.2,73.114375,"Verão"
2010-01-10,10,25.6479166666667,29.19,23.78,5.4,83.468125,"Verão"
2010-01-11,11,24.5029166666667,26.67,23.38,30.6,91.94375,"Verão"
2010-01-12,12,24.295625,25.81,23.12,0.6,89.4083333333333,"Verão"
2010-01-13,13,25.703125,30.53,22.44,2.2,84.1935416666667,"Verão"
2010-01-14,14,26.619375,30.63,23.89,0.6,81.7883333333333,"Verão"
2010-01-15,15,24.0495833333333,26.92,22.71,24.2,90.5229166666667,"Verão"
2010-01-16,16,24.5802083333333,27.45,22.33,49.8,89.1041666666667,"Verão"
2010-01-17,17,23.5116666666667,24.89,21.94,27,93.6520833333333,"Verão"
2010-01-18,18,25.380625,28.44,22.9,33,88.35,"Verão"
2010-01-19,19,27.56125,31.6,23.87,0,77.5977083333333,"Verão"
2010-01-20,20,26.7864583333333,31.35,23.41,0,79.5125,"Verão"
2010-01-21,21,25.51375,28.98,22.61,5.6,84.9104166666667,"Verão"
2010-01-22,22,25.5345833333333,28.12,23.94,0,87.5770833333333,"Verão"
2010-01-23,23,25.0245833333333,27.69,22.6,15,88.2770833333333,"Verão"
2010-01-24,24,25.750625,29.55,22.55,0.2,83.4908333333333,"Verão"
2010-01-25,25,25.658125,30.53,23.32,6,84.99625,"Verão"
2010-01-26,26,26.3322916666667,30.56,23.12,0,79.0477083333333,"Verão"
2010-01-27,27,25.2772916666667,29.23,23.5,0.8,86.5441666666667,"Verão"
2010-01-28,28,26.5860416666667,31.1,22.38,0.2,78.9610416666667,"Verão"
2010-01-29,29,27.61375,30.92,24.33,0,74.2547916666667,"Verão"
2010-01-30,30,25.4227083333333,28.75,23.64,8.6,85.8395833333333,"Verão"
2010-01-31,31,24.984375,28.64,23.22,3.2,89.6333333333333,"Verão"
2010-02-01,32,25.4595833333333,28.51,24.15,7.6,89.2375,"Verão"
2010-02-02,33,25.338125,28.11,23.6,7.6,90.3395833333333,"Verão"
2010-02-03,34,25.849375,28.86,22.36,5.8,87.5416666666667,"Verão"
2010-02-04,35,27.9683333333333,31.66,24.37,0,74.145625,"Verão"
2010-02-05,36,26.9047916666667,30.55,24.81,4.2,81.891875,"Verão"
2010-02-06,37,25.69,27.6,24.16,6.2,89.4229166666667,"Verão"
2010-02-07,38,24.503125,26.97,22.31,28.4,91.61875,"Verão"
2010-02-08,39,25.5252083333333,29.98,23.73,4.2,89.1370833333333,"Verão"
2010-02-09,40,24.705,28.7,23.59,5.8,92.05625,"Verão"
2010-02-10,41,24.1535416666667,26.2,22.36,35.4,92.3916666666667,"Verão"
2010-02-11,42,25.8354166666667,28.3,23.95,0.4,82.0089583333333,"Verão"
2010-02-12,43,25.7835416666667,30.3,23.21,26,84.8095833333333,"Verão"
2010-02-13,44,25.3879166666667,29.91,22.8,1.8,87.6875,"Verão"
2010-02-14,45,27.01375,30.98,24.19,3,79.2354166666667,"Verão"
2010-02-15,46,27.6960416666667,31.4,24.33,0,72.174375,"Verão"
2010-02-16,47,27.3852083333333,30.7,24.46,0.2,74.3033333333333,"Verão"
2010-02-17,48,25.35125,29.11,23.43,10.4,87.9979166666667,"Verão"
2010-02-18,49,25.8452083333333,28.74,23.33,16,87.0416666666667,"Verão"
2010-02-19,50,28.6941666666667,32.58,24.7,0,72.6239583333333,"Verão"
2010-02-20,51,28.216875,32.07,23.68,1.4,75.0777083333333,"Verão"
2010-02-21,52,26.3554166666667,29.71,24.23,0,82.5710416666667,"Verão"
2010-02-22,53,23.94875,25.86,22.77,11.4,94.5229166666667,"Verão"
2010-02-23,54,25.2522916666667,30.03,23.7,5.4,91.1070833333333,"Verão"
2010-02-24,55,25.22,31.05,23.34,10.8,89.836875,"Verão"
2010-02-25,56,24.6829166666667,29.51,23.05,0,92.7333333333333,"Verão"
2010-02-26,57,23.8808333333333,28.28,22.08,0.2,94.65,"Verão"
2010-02-27,58,24.2864583333333,26.7,22,0,90.7791666666667,"Verão"
2010-02-28,59,26.25125,31.03,24.16,0.4,83.75875,"Verão"
2010-03-01,60,25.985,30.54,23.56,2.2,87.8325,"Verão"
2010-03-02,61,28.2497916666667,32.92,24.91,0.2,71.45125,"Verão"
2010-03-03,62,26.898125,31.12,23.95,10.4,81.789375,"Verão"
2010-03-04,63,27.220625,32.57,24.3,0.6,82.784375,"Verão"
2010-03-05,64,24.385,28.67,22.38,75.8,92.9520833333333,"Verão"
2010-03-06,65,25.9508333333333,29.97,22.29,0.4,84.5085416666667,"Verão"
2010-03-07,66,27.2435416666667,31.56,24.68,1.4,81.94125,"Verão"
2010-03-08,67,26.865625,31.88,25.17,4.2,84.1670833333333,"Verão"
2010-03-09,68,26.1666666666667,31.03,24.43,16.4,89.9877083333333,"Verão"
2010-03-10,69,28.2683333333333,32.61,23.65,0,75.7729166666667,"Verão"
2010-03-11,70,26.7383333333333,31.51,24.22,4.6,82.970625,"Verão"
2010-03-12,71,26.580625,31.88,24.23,0.2,84.460625,"Verão"
2010-03-13,72,28.680625,32.55,25.07,0,73.6079166666667,"Verão"
2010-03-14,73,28.3529166666667,33.7,25.2,1,75.2516666666667,"Verão"
2010-03-15,74,27.4864583333333,30.9,23.27,9.4,77.0889583333333,"Verão"
2010-03-16,75,26.079375,30.47,22.55,0,81.465625,"Verão"
2010-03-17,76,26.05125,29.7,23.63,4.4,82.8214583333333,"Verão"
2010-03-18,77,27.8145833333333,31.89,23.28,0.2,71.4733333333333,"Verão"
2010-03-19,78,26.6041666666667,29.82,23.58,17,83.5197916666667,"Verão"
2010-03-20,79,24.9529166666667,28.97,22.01,34.2,90.2145833333333,"Verão"
2010-03-21,80,24.9322916666667,29.37,22.32,15.8,87.59,"Outono"
2010-03-22,81,27.8579166666667,31.73,24.03,0,70.6552083333333,"Outono"
2010-03-23,82,27.3914583333333,30.04,23.95,0,69.81125,"Outono"
2010-03-24,83,26.2189583333333,28.65,23.35,0.2,79.1829166666667,"Outono"
2010-03-25,84,24.9935416666667,28.87,23.23,0.8,89.85,"Outono"
2010-03-26,85,25.1627083333333,29.78,22.43,11.6,88.0935416666667,"Outono"
2010-03-27,86,24.4914583333333,26.94,23.1,5,90.7833333333333,"Outono"
2010-03-28,87,26.05625,30.58,22.53,0.2,81.5577083333333,"Outono"
2010-03-29,88,26.275625,31.95,22.71,3.2,81.8658333333333,"Outono"
2010-03-30,89,25.569375,28.29,23.51,0.2,86.825,"Outono"
2010-03-31,90,25.5027083333333,30.04,23.19,38.2,87.1272916666667,"Outono"
2010-04-01,91,23.2941666666667,26.32,21.95,54.4,95.9979166666667,"Outono"
2010-04-02,92,23.1427083333333,25.26,22.12,2.6,94.2979166666667,"Outono"
2010-04-03,93,25.4925,30.89,21.97,1.2,83.9475,"Outono"
2010-04-04,94,25.894375,29.83,23.08,4.8,84.9679166666667,"Outono"
2010-04-05,95,25.6583333333333,29.53,22.5,17,88.6691666666667,"Outono"
2010-04-06,96,24.1975,27.01,22.85,10.2,93.5333333333333,"Outono"
2010-04-07,97,23.0035416666667,25.29,21.72,75,95.31875,"Outono"
2010-04-08,98,25.690625,30.13,21.51,0.4,81.6785416666667,"Outono"
2010-04-09,99,25.2014583333333,29.02,23.74,17.4,90.29375,"Outono"
2010-04-10,100,25.120625,27.83,23.54,0.2,89.5708333333333,"Outono"
2010-04-11,101,25.493125,30.57,23.47,3.4,87.3229166666667,"Outono"
2010-04-12,102,24.8458333333333,29.73,23.21,8.6,89.6904166666667,"Outono"
2010-04-13,103,26.5414583333333,31.34,22.67,0.2,78.8077083333333,"Outono"
2010-04-14,104,26.3566666666667,29.76,24.17,3,85.2945833333333,"Outono"
2010-04-15,105,23.6922916666667,25.14,22.42,26,94.40625,"Outono"
2010-04-16,106,23.7941666666667,26.26,22.04,1.4,91.4208333333333,"Outono"
2010-04-17,107,27.0239583333333,33,22.74,0,77.68,"Outono"
2010-04-18,108,25.3329166666667,29.77,23.6,12,88.9770833333333,"Outono"
2010-04-19,109,27.093125,32.41,23.17,3.4,80.75375,"Outono"
2010-04-20,110,26.8208888888889,NA,NA,77,NA,"Outono"
2010-04-21,111,22.923125,24.07,22.45,66.4,94.775,"Outono"
2010-04-22,112,26.704375,32.7,22.04,0.2,80.0629166666667,"Outono"
2010-04-23,113,27.465,31.97,24.95,2.6,82.0104166666667,"Outono"
2010-04-24,114,25.4591666666667,30.08,23.88,13,91.18125,"Outono"
2010-04-25,115,26.263125,30.51,23.38,5.2,86.55375,"Outono"
2010-04-26,116,26.236875,30.25,23.55,29.8,88.23,"Outono"
2010-04-27,117,25.9483720930233,NA,NA,8.4,NA,"Outono"
2010-04-28,118,24.8425,30.18,22.81,20,90.0035416666667,"Outono"
2010-04-29,119,24.064,NA,NA,21.2,NA,"Outono"
2010-04-30,120,24.9920512820513,NA,NA,24.6,NA,"Outono"
2010-05-01,121,25.05425,NA,NA,11.4,NA,"Outono"
2010-05-02,122,24.870625,30.19,22.53,0.8,89.370625,"Outono"
2010-05-03,123,24.2535416666667,26.88,22.99,17.4,92.7645833333333,"Outono"
2010-05-04,124,25.5760416666667,30.75,22.72,18.2,86.1697916666667,"Outono"
2010-05-05,125,25.7555813953488,NA,NA,0.4,NA,"Outono"
2010-05-06,126,24.4110416666667,28.83,21.77,20.8,87.56,"Outono"
2010-05-07,127,26.6985416666667,31.1,22.72,0,79.8583333333333,"Outono"
2010-05-08,128,26.4647916666667,30.74,24.1,0.2,84.34625,"Outono"
2010-05-09,129,26.32375,31.84,23.11,20.2,83.380625,"Outono"
2010-05-10,130,24.428125,26.68,23.36,7,91.2875,"Outono"
2010-05-11,131,24.3947916666667,26.41,22.8,7.4,88.7020833333333,"Outono"
2010-05-12,132,24.9902083333333,28.26,22.64,0,84.4920833333333,"Outono"
2010-05-13,133,25.5622916666667,27.97,23.74,0.8,80.23875,"Outono"
2010-05-14,134,25.5625,29.12,23.95,18.8,86.7625,"Outono"
2010-05-15,135,24.7235416666667,27.38,22.79,1,89.0166666666667,"Outono"
2010-05-16,136,26.354375,30.94,23.44,0.4,83.1072916666667,"Outono"
2010-05-17,137,26.1310416666667,31.15,23.48,4,85.1802083333333,"Outono"
2010-05-18,138,26.19875,30.04,23.69,13,85.5291666666667,"Outono"
2010-05-19,139,28.0447916666667,32.39,23.62,0,74.73125,"Outono"
2010-05-20,140,27.3977777777778,NA,NA,3,NA,"Outono"
2010-05-21,141,26.0679545454545,NA,NA,8,NA,"Outono"
2010-05-22,142,27.0070833333333,31.36,23.8,0.2,83.009375,"Outono"
2010-05-23,143,25.8504166666667,29.3,24.06,0.8,87.1110416666667,"Outono"
2010-05-24,144,27.0623404255319,NA,NA,0,NA,"Outono"
2010-05-25,145,27.08,32.16,25.09,2,81.5325,"Outono"
2010-05-26,146,27.1997916666667,32.16,24.59,3.8,82.251875,"Outono"
2010-05-27,147,24.0757446808511,NA,NA,5.6,NA,"Outono"
2010-05-28,148,24.7522916666667,26.87,22.93,0.2,91.01875,"Outono"
2010-05-29,149,23.6895833333333,25.38,22.74,18.2,94.0520833333333,"Outono"
2010-05-30,150,25.0252083333333,29.13,22.61,0,86.1358333333333,"Outono"
2010-05-31,151,26.7022916666667,30.65,23.12,0,78.8672916666667,"Outono"
2010-06-01,152,26.116875,31.03,23.43,1.6,83.2610416666667,"Outono"
2010-06-02,153,26.555625,31.07,22.88,0,78.9522916666667,"Outono"
2010-06-03,154,25.633125,29.84,23.07,0,85.43375,"Outono"
2010-06-04,155,25.6064583333333,30.88,21.73,0,83.9541666666667,"Outono"
2010-06-05,156,24.12625,29.23,21.87,7.2,90.1729166666667,"Outono"
2010-06-06,157,24.2554166666667,30.02,21.33,2.6,89.0527083333333,"Outono"
2010-06-07,158,26.6904166666667,30.56,22.97,0,78.3477083333333,"Outono"
2010-06-08,159,26.005,30.43,23.84,0,83.2422916666667,"Outono"
2010-06-09,160,24.4445833333333,30.14,22.09,24.2,88.3277083333333,"Outono"
2010-06-10,161,25.3410416666667,30.61,21.82,0.2,82.4397916666667,"Outono"
2010-06-11,162,24.558125,30.61,21.55,8.4,85.893125,"Outono"
2010-06-12,163,25.2770833333333,30.01,22.5,1,83.5175,"Outono"
2010-06-13,164,26.2064583333333,31.1,22.85,1.6,76.2620833333333,"Outono"
2010-06-14,165,27.3570833333333,31.26,23.53,0,73.5545833333333,"Outono"
2010-06-15,166,25.5227083333333,30.32,23.13,0.8,83.1002083333333,"Outono"
2010-06-16,167,24.7841666666667,29.65,22.45,23.2,87.625,"Outono"
2010-06-17,168,25.2539583333333,28.57,23.6,11.4,87.8416666666667,"Outono"
2010-06-18,169,25.80625,31.56,22.95,16.2,85.8910416666667,"Outono"
2010-06-19,170,24.3152083333333,29.55,22.12,8.8,89.1616666666667,"Outono"
2010-06-20,171,26.1654166666667,30.67,21.71,0.2,80.0266666666667,"Outono"
2010-06-21,172,25.936875,31.4,22.98,0,81.0627083333333,"Inverno"
2010-06-22,173,24.5270833333333,30.94,22.29,7.6,86.1139583333333,"Inverno"
2010-06-23,174,26.1164583333333,31.26,21.65,0,76.473125,"Inverno"
2010-06-24,175,26.4182051282051,NA,NA,0.8,NA,"Inverno"
2010-06-25,176,26.23,30.86,23.38,0.6,77.3902083333333,"Inverno"
2010-06-26,177,24.0372916666667,28.14,22.6,8.8,88.25625,"Inverno"
2010-06-27,178,26.36125,30.61,22.16,0,73.2720833333333,"Inverno"
2010-06-28,179,27.600625,30.88,24.37,0,62.775,"Inverno"
2010-06-29,180,28.106875,31.7,24.25,0,59.03625,"Inverno"
2010-06-30,181,27.940625,31.69,25.43,0,61.71,"Inverno"
2010-07-01,182,26.1329166666667,28.76,24.17,0,78.2497916666667,"Inverno"
2010-07-02,183,25.2997916666667,30.7,23.39,0,84.4785416666667,"Inverno"
2010-07-03,184,25.6552083333333,30.8,23.53,1.6,83.4570833333333,"Inverno"
2010-07-04,185,24.6608333333333,28.26,22.27,10,88.5958333333333,"Inverno"
2010-07-05,186,24.295625,27.64,21.95,9.6,88.6145833333333,"Inverno"
2010-07-06,187,24.9309302325581,NA,NA,0.2,NA,"Inverno"
2010-07-07,188,26.1902222222222,NA,NA,0.2,NA,"Inverno"
2010-07-08,189,27.08625,31.34,23.32,0.2,72.075,"Inverno"
2010-07-09,190,27.9070833333333,31.89,24.31,0,68.2689583333333,"Inverno"
2010-07-10,191,25.0797916666667,27.74,22.98,0.8,86.1333333333333,"Inverno"
2010-07-11,192,24.8129166666667,30.03,21.67,0,86.0745833333333,"Inverno"
2010-07-12,193,26.2747916666667,29.19,22.71,0.2,81.050625,"Inverno"
2010-07-13,194,25.8816666666667,30.63,23.38,0,81.8339583333333,"Inverno"
2010-07-14,195,26.6304166666667,31.01,22.28,1.2,76.1697916666667,"Inverno"
2010-07-15,196,27.1041666666667,31.14,24.54,1,74.29875,"Inverno"
2010-07-16,197,23.933125,28.43,21.76,31.8,90.0020833333333,"Inverno"
2010-07-17,198,21.998125,23.39,20.72,0.4,92.21875,"Inverno"
2010-07-18,199,20.6466666666667,22.02,19.43,1.2,89.5541666666667,"Inverno"
2010-07-19,200,20.7977083333333,22.68,19.44,0.8,93.2916666666667,"Inverno"
2010-07-20,201,22.849375,26.47,19.91,0,85.8864583333333,"Inverno"
2010-07-21,202,24.7345833333333,28.54,21.24,0.2,80.8929166666667,"Inverno"
2010-07-22,203,25.9660416666667,30.64,22.77,5,78.565625,"Inverno"
2010-07-23,204,24.9122916666667,29.22,22.45,1.2,84.0172916666667,"Inverno"
2010-07-24,205,24.735,31.53,21.13,42.8,83.0854166666667,"Inverno"
2010-07-25,206,25.76875,31.75,22.64,0.6,78.4977083333333,"Inverno"
2010-07-26,207,27.2285416666667,31.27,22.78,0.2,68.8441666666667,"Inverno"
2010-07-27,208,27.4145833333333,32.37,22.22,0.2,67.73625,"Inverno"
2010-07-28,209,25.46,28.93,23.28,19.4,81.8152083333333,"Inverno"
2010-07-29,210,26.4272916666667,30.92,22.81,0.2,77.8258333333333,"Inverno"
2010-07-30,211,26.0617777777778,NA,NA,1.4,NA,"Inverno"
2010-07-31,212,25.3902083333333,30.18,23.29,3.2,83.5895833333333,"Inverno"
2010-08-01,213,27.239375,31.59,22.92,0,72.4339583333333,"Inverno"
2010-08-02,214,28.1710416666667,32.14,23.79,0,64.523125,"Inverno"
2010-08-03,215,28.9454166666667,32.62,25.69,0,52.7397916666667,"Inverno"
2010-08-04,216,27.778125,32.99,23.95,0,65.61625,"Inverno"
2010-08-05,217,23.9220833333333,26.51,22.76,10.4,90.7979166666667,"Inverno"
2010-08-06,218,25.6566666666667,29.76,22.4,0.2,74.8022916666667,"Inverno"
2010-08-07,219,25.9960416666667,29.31,22.16,0,76.3022916666667,"Inverno"
2010-08-08,220,24.6166666666667,26.84,22.47,0,86.8541666666667,"Inverno"
2010-08-09,221,26.2683333333333,31.09,22.45,0,78.8954166666667,"Inverno"
2010-08-10,222,26.4085416666667,31.36,22.97,0,78.7722916666667,"Inverno"
2010-08-11,223,27.0945833333333,31.61,22.81,0,73.4860416666667,"Inverno"
2010-08-12,224,26.4483333333333,31.67,22.99,0.4,75.158125,"Inverno"
2010-08-13,225,26.1008333333333,30.66,22.92,0.2,78.2872916666667,"Inverno"
2010-08-14,226,27.1191666666667,30.93,22.19,0,68.8897916666667,"Inverno"
2010-08-15,227,26.80625,31.69,23.18,0,70.7902083333333,"Inverno"
2010-08-16,228,27.0352083333333,30.86,22.6,0,73.3347916666667,"Inverno"
2010-08-17,229,26.8475,31.72,21.77,3.4,74.1695833333333,"Inverno"
2010-08-18,230,24.375625,29.85,21.4,0.6,86.259375,"Inverno"
2010-08-19,231,25.57375,31.22,22.55,0.4,80.0354166666667,"Inverno"
2010-08-20,232,23.9120833333333,26.54,21.14,9,86.5458333333333,"Inverno"
2010-08-21,233,25.281875,30.65,21.41,0.6,81.6027083333333,"Inverno"
2010-08-22,234,26.6439583333333,31.25,22.87,0,78.1185416666667,"Inverno"
2010-08-23,235,28.0752083333333,33.21,24.17,0.2,68.7385416666667,"Inverno"
2010-08-24,236,27.9302083333333,32.24,24.18,0.2,66.8758333333333,"Inverno"
2010-08-25,237,28.4579166666667,32.56,24.74,0.2,64.7822916666667,"Inverno"
2010-08-26,238,27.9897916666667,32.62,24.86,0,67.4979166666667,"Inverno"
2010-08-27,239,28.2654166666667,32.59,23.93,0,65.79625,"Inverno"
2010-08-28,240,28.9760416666667,33.57,25.32,0,62.5008333333333,"Inverno"
2010-08-29,241,28.398125,32.88,24.26,0,65.5395833333333,"Inverno"
2010-08-30,242,28.9052083333333,32.86,24.65,0,63.405,"Inverno"
2010-08-31,243,28.9366666666667,32.86,25.21,0,63.606875,"Inverno"
2010-09-01,244,27.4552272727273,NA,NA,0.2,NA,"Inverno"
2010-09-02,245,27.7960416666667,32.62,23.94,0.4,69.9116666666667,"Inverno"
2010-09-03,246,28.796875,32.9,23.12,0,65.1460416666667,"Inverno"
2010-09-04,247,25.9502083333333,30.11,22.33,12.4,79.0908333333333,"Inverno"
2010-09-05,248,26.94,31.88,22.51,0,76.1460416666667,"Inverno"
2010-09-06,249,27.5022916666667,32.66,23.76,1.6,74.124375,"Inverno"
2010-09-07,250,24.9508333333333,30.18,22.32,3.6,83.6783333333333,"Inverno"
2010-09-08,251,25.7735416666667,29.2,22.92,0.4,83.7083333333333,"Inverno"
2010-09-09,252,25.2852083333333,29.34,20.75,3.8,80.5322916666667,"Inverno"
2010-09-10,253,23.4433333333333,28.31,20.78,73.8,87.074375,"Inverno"
2010-09-11,254,26.375625,31.27,21.13,0,74.266875,"Inverno"
2010-09-12,255,28.1875,32.72,24.75,0,68.1754166666667,"Inverno"
2010-09-13,256,29.07,32.85,25.2,0,64.7414583333333,"Inverno"
2010-09-14,257,29.3170833333333,33.61,24.25,0,60.7677083333333,"Inverno"
2010-09-15,258,29.5939583333333,33.45,25.38,0,58.7735416666667,"Inverno"
2010-09-16,259,28.560625,33.89,25.05,0.2,65.8297916666667,"Inverno"
2010-09-17,260,27.4077083333333,33.07,22.87,0,71.5989583333333,"Inverno"
2010-09-18,261,26.5375,31.12,21.54,0,75.0564583333333,"Inverno"
2010-09-19,262,27.609375,31.25,24.5,0,71.8254166666667,"Inverno"
2010-09-20,263,24.3808333333333,26.83,22.7,3.4,89.35,"Inverno"
2010-09-21,264,25.8464583333333,29.98,21.55,0,79.02625,"Inverno"
2010-09-22,265,26.0064583333333,30.9,23.04,2.8,79.630625,"Inverno"
2010-09-23,266,28.1925,32.71,23.09,0.2,66.0116666666667,"Primavera"
2010-09-24,267,29.5239583333333,33.39,25.1,0,58.4814583333333,"Primavera"
2010-09-25,268,29.11375,33.11,25.2,0,63.1039583333333,"Primavera"
2010-09-26,269,27.2870833333333,32.12,23.72,0,73.6460416666667,"Primavera"
2010-09-27,270,28.404375,33.13,22.91,0,64.7325,"Primavera"
2010-09-28,271,29.1847916666667,33.68,24.59,0,62.1014583333333,"Primavera"
2010-09-29,272,29.5135416666667,34.28,24.63,0.2,62.040625,"Primavera"
2010-09-30,273,30.2702083333333,35.56,26.46,0,58.36625,"Primavera"
2010-10-01,274,26.4960416666667,32.7,22.55,0,71.6416666666667,"Primavera"
2010-10-02,275,25.5870833333333,29.72,22.18,0,77.3810416666667,"Primavera"
2010-10-03,276,28.4783333333333,33.18,23.58,0,65.2416666666667,"Primavera"
2010-10-04,277,28.5614583333333,33.42,23.65,0,66.1045833333333,"Primavera"
2010-10-05,278,26.9572916666667,33.48,21.79,28.8,70.0308333333333,"Primavera"
2010-10-06,279,25.8938636363636,NA,NA,0.2,NA,"Primavera"
2010-10-07,280,28.6754166666667,34.24,24.31,0,70.318125,"Primavera"
2010-10-08,281,29.236875,33.86,24.94,0,63.9991666666667,"Primavera"
2010-10-09,282,29.6633333333333,33.59,24.92,0,59.495625,"Primavera"
2010-10-10,283,27.75625,32.94,24.1,0,73.0225,"Primavera"
2010-10-11,284,27.3183333333333,32.75,22.91,0,72.8054166666667,"Primavera"
2010-10-12,285,26.1527083333333,30.18,23.69,2.8,77.4089583333333,"Primavera"
2010-10-13,286,25.9983333333333,31.5,23.36,0.4,81.4289583333333,"Primavera"
2010-10-14,287,24.7239583333333,29.64,21.78,10.8,82.8160416666667,"Primavera"
2010-10-15,288,26.5375,31.99,22.48,1.6,76.6816666666667,"Primavera"
2010-10-16,289,25.0485416666667,30.53,22.32,14,83.9522916666667,"Primavera"
2010-10-17,290,25.934375,31.32,21.98,4,79.2266666666667,"Primavera"
2010-10-18,291,25.6372916666667,31.67,21.72,0.4,75.8395833333333,"Primavera"
2010-10-19,292,27.2475,32.23,22.38,0,73.2072916666667,"Primavera"
2010-10-20,293,24.303125,30.98,20.73,6.2,85.1808333333333,"Primavera"
2010-10-21,294,25.8095833333333,31.65,20.58,0.4,78.7066666666667,"Primavera"
2010-10-22,295,28.618125,33.07,24.1,0.2,65.7785416666667,"Primavera"
2010-10-23,296,26.2116666666667,28.92,22.1,52.2,80.5079166666667,"Primavera"
2010-10-24,297,24.2479166666667,30.59,20.84,11.2,85.8710416666667,"Primavera"
2010-10-25,298,24.881875,29.99,20.45,0.2,80.2841666666667,"Primavera"
2010-10-26,299,25.640625,30.29,23.23,0.2,82.3941666666667,"Primavera"
2010-10-27,300,24.47625,26.89,22.86,2.2,87.5979166666667,"Primavera"
2010-10-28,301,25.2364583333333,28.44,22.58,0.2,82.3754166666667,"Primavera"
2010-10-29,302,27.375,32.01,23.07,1.2,71.8991666666667,"Primavera"
2010-10-30,303,29.3775,33.82,24.53,0,63.3522916666667,"Primavera"
2010-10-31,304,29.1152083333333,32.61,25.4,0,66.05875,"Primavera"
2010-11-01,305,26.4525,29.84,23.3,0,78.09375,"Primavera"
2010-11-02,306,25.7002083333333,29.62,22.07,0,80.3597916666667,"Primavera"
2010-11-03,307,27.8697916666667,31.87,24.14,0,73.6929166666667,"Primavera"
2010-11-04,308,27.2495833333333,31.93,23.93,0,75.4639583333333,"Primavera"
2010-11-05,309,29.0310416666667,33.24,24.69,0,65.0733333333333,"Primavera"
2010-11-06,310,25.9377083333333,32.12,22.38,1.4,78.6227083333333,"Primavera"
2010-11-07,311,24.9708333333333,30.49,21.85,0.6,84.3575,"Primavera"
2010-11-08,312,24.246875,29.81,22.18,24,87.468125,"Primavera"
2010-11-09,313,25.9854166666667,30.79,22.18,0.4,83.7916666666667,"Primavera"
2010-11-10,314,24.7241666666667,28.12,22.36,17.4,90.91875,"Primavera"
2010-11-11,315,23.3835416666667,27.36,21.66,12,92.025,"Primavera"
2010-11-12,316,22.2210416666667,23.94,21.52,12,95.63125,"Primavera"
2010-11-13,317,24.67,30.72,21.36,0.2,82.373125,"Primavera"
2010-11-14,318,25.1710416666667,30.48,22.11,4,82.7454166666667,"Primavera"
2010-11-15,319,26.14125,31.53,21.76,0,73.8170833333333,"Primavera"
2010-11-16,320,27.4202083333333,32.1,22.73,0,70.5641666666667,"Primavera"
2010-11-17,321,24.1547916666667,29.6,21.87,61,89.1708333333333,"Primavera"
2010-11-18,322,24.781875,30.64,22.18,0.2,85.0772916666667,"Primavera"
2010-11-19,323,24.214,NA,NA,0,NA,"Primavera"
2010-11-20,324,NA,NA,NA,0,NA,"Primavera"
2010-11-21,325,NA,NA,NA,0,NA,"Primavera"
2010-11-22,326,26.4110526315789,NA,NA,0,NA,"Primavera"
2010-11-23,327,23.7054166666667,25.86,22.35,0,86.9791666666667,"Primavera"
2010-11-24,328,26.1708333333333,30.54,21.64,0.4,74.0429166666667,"Primavera"
2010-11-25,329,26.8502083333333,30.83,23.6,0.2,74.3272916666667,"Primavera"
2010-11-26,330,24.8570833333333,30.27,22.55,0.2,86.531875,"Primavera"
2010-11-27,331,25.15875,29.96,22.63,0.2,83.1552083333333,"Primavera"
2010-11-28,332,26.9597916666667,31.42,22.62,0.4,77.6052083333333,"Primavera"
2010-11-29,333,26.5960416666667,30.65,24.27,1.2,77.538125,"Primavera"
2010-11-30,334,27.5254166666667,31.8,24.02,0.8,71.9252083333333,"Primavera"
2010-12-01,335,25.37875,29.52,22.98,0.8,82.318125,"Primavera"
2010-12-02,336,25.62125,30.53,21.99,0.2,81.1083333333333,"Primavera"
2010-12-03,337,27.565,31.68,23.27,0,70.7329166666667,"Primavera"
2010-12-04,338,25.5685416666667,31.43,22.36,5,80.4654166666667,"Primavera"
2010-12-05,339,23.9229787234043,NA,NA,2.4,NA,"Primavera"
2010-12-06,340,23.533125,27.76,21.85,0.6,90.4333333333333,"Primavera"
2010-12-07,341,26.2515909090909,NA,NA,0.2,NA,"Primavera"
2010-12-08,342,21.9553333333333,NA,NA,6.6,NA,"Primavera"
2010-12-09,343,25.605625,32.01,21.51,0.4,79.3897916666667,"Primavera"
2010-12-10,344,26.4029166666667,32.1,22.64,0,78.0841666666667,"Primavera"
2010-12-11,345,26.87375,31.44,23.25,4,76.6064583333333,"Primavera"
2010-12-12,346,28.055,31.11,24.63,0,71.7385416666667,"Primavera"
2010-12-13,347,25.7647916666667,30.62,22.37,0,80.4870833333333,"Primavera"
2010-12-14,348,24.2341666666667,29.51,21.69,26.4,87.4889583333333,"Primavera"
2010-12-15,349,25.3529166666667,30.04,21.13,0.4,77.5410416666667,"Primavera"
2010-12-16,350,24.0739583333333,28.67,21.69,15.2,88.41375,"Primavera"
2010-12-17,351,23.24,26.37,21.09,3.2,88.3416666666667,"Primavera"
2010-12-18,352,24.5929166666667,28.51,22.19,0,84.5335416666667,"Primavera"
2010-12-19,353,25.6672916666667,30.32,22.2,0,81.1854166666667,"Primavera"
2010-12-20,354,21.7545833333333,23.9,20.23,48.8,94.2583333333333,"Primavera"
2010-12-21,355,22.9797916666667,26.12,20.04,0.2,86.5979166666667,"Primavera"
2010-12-22,356,24.79375,29.71,22.25,6.2,84.03625,"Primavera"
2010-12-23,357,24.543125,28.85,21.88,2.6,87.3720833333333,"Verão"
2010-12-24,358,22.8360416666667,27.88,21.45,3.8,89.575,"Verão"
2010-12-25,359,24.4466666666667,28.7,21.47,1.6,84.1795833333333,"Verão"
2010-12-26,360,24.6439583333333,28.97,22.35,2.2,87.8222916666667,"Verão"
2010-12-27,361,23.75875,27.38,22.35,13.2,91.5333333333333,"Verão"
2010-12-28,362,23.208085106383,NA,NA,11,NA,"Verão"
2010-12-29,363,25.9554166666667,29.54,22.44,0.6,78.6920833333333,"Verão"
2010-12-30,364,26.2947916666667,29.1,23.8,0,78.386875,"Verão"
2010-12-31,365,25.4766666666667,30.1,22.81,0,83.6289583333333,"Verão"
